dataset,fold_id,target,score,n_tasks,spearman
Frangieh,frangieh_context_holdout_1_Co-culture,error_two_predictor_mean_rmse,safeconf_calibrated_pair_risk,279,0.07218170164329367
Frangieh,frangieh_context_holdout_1_Co-culture,error_two_predictor_mean_rmse,safeconf_frozen_pair_risk,279,0.08477494502094177
Frangieh,frangieh_context_holdout_1_Co-culture,error_two_predictor_mean_rmse,risk_model_disagreement,279,0.08931638099658523
Frangieh,frangieh_context_holdout_1_Co-culture,error_two_predictor_mean_rmse,baseline_predicted_magnitude,279,0.11016863928212271
Frangieh,frangieh_context_holdout_2_Control,error_two_predictor_mean_rmse,safeconf_calibrated_pair_risk,279,0.4420089734663882
Frangieh,frangieh_context_holdout_2_Control,error_two_predictor_mean_rmse,safeconf_frozen_pair_risk,279,0.41914873631049077
Frangieh,frangieh_context_holdout_2_Control,error_two_predictor_mean_rmse,risk_model_disagreement,279,0.16859618296146495
Frangieh,frangieh_context_holdout_2_Control,error_two_predictor_mean_rmse,baseline_predicted_magnitude,279,0.21103835825348938
Frangieh,frangieh_context_holdout_3_IFNγ,error_two_predictor_mean_rmse,safeconf_calibrated_pair_risk,279,0.24482850562956407
Frangieh,frangieh_context_holdout_3_IFNγ,error_two_predictor_mean_rmse,safeconf_frozen_pair_risk,279,0.2215131120909724
Frangieh,frangieh_context_holdout_3_IFNγ,error_two_predictor_mean_rmse,risk_model_disagreement,279,0.15397175347279782
Frangieh,frangieh_context_holdout_3_IFNγ,error_two_predictor_mean_rmse,baseline_predicted_magnitude,279,0.12323763109328206
Lara_exvivo,Lara_exvivo_context_holdout_1_EBMP,error_two_predictor_mean_rmse,safeconf_calibrated_pair_risk,69,0.4424187066130801
Lara_exvivo,Lara_exvivo_context_holdout_1_EBMP,error_two_predictor_mean_rmse,safeconf_frozen_pair_risk,69,0.389039093898429
Lara_exvivo,Lara_exvivo_context_holdout_1_EBMP,error_two_predictor_mean_rmse,risk_model_disagreement,69,0.2489952502740227
Lara_exvivo,Lara_exvivo_context_holdout_1_EBMP,error_two_predictor_mean_rmse,baseline_predicted_magnitude,69,0.24965290464011697
Lara_exvivo,Lara_exvivo_context_holdout_2_GMP,error_two_predictor_mean_rmse,safeconf_calibrated_pair_risk,69,0.05283156740957254
Lara_exvivo,Lara_exvivo_context_holdout_2_GMP,error_two_predictor_mean_rmse,safeconf_frozen_pair_risk,69,0.03997077091706249
Lara_exvivo,Lara_exvivo_context_holdout_2_GMP,error_two_predictor_mean_rmse,risk_model_disagreement,69,-0.013920350748995253
Lara_exvivo,Lara_exvivo_context_holdout_2_GMP,error_two_predictor_mean_rmse,baseline_predicted_magnitude,69,-0.004640116916331751
Lara_exvivo,Lara_exvivo_context_holdout_3_GMP_(late),error_two_predictor_mean_rmse,safeconf_calibrated_pair_risk,69,0.47025940811107053
Lara_exvivo,Lara_exvivo_context_holdout_3_GMP_(late),error_two_predictor_mean_rmse,safeconf_frozen_pair_risk,69,0.4699671172816953
Lara_exvivo,Lara_exvivo_context_holdout_3_GMP_(late),error_two_predictor_mean_rmse,risk_model_disagreement,69,0.24833759590792842
Lara_exvivo,Lara_exvivo_context_holdout_3_GMP_(late),error_two_predictor_mean_rmse,baseline_predicted_magnitude,69,0.2491779320423822
Lara_exvivo,Lara_exvivo_context_holdout_4_HSC,error_two_predictor_mean_rmse,safeconf_calibrated_pair_risk,69,0.5102667153818049
Lara_exvivo,Lara_exvivo_context_holdout_4_HSC,error_two_predictor_mean_rmse,safeconf_frozen_pair_risk,69,0.40511508951406655
Lara_exvivo,Lara_exvivo_context_holdout_4_HSC,error_two_predictor_mean_rmse,risk_model_disagreement,69,0.07745706978443552
Lara_exvivo,Lara_exvivo_context_holdout_4_HSC,error_two_predictor_mean_rmse,baseline_predicted_magnitude,69,0.008220679576178298
Lara_exvivo,Lara_exvivo_context_holdout_5_MkP,error_two_predictor_mean_rmse,safeconf_calibrated_pair_risk,69,0.4598465473145781
Lara_exvivo,Lara_exvivo_context_holdout_5_MkP,error_two_predictor_mean_rmse,safeconf_frozen_pair_risk,69,0.4709901351845086
Lara_exvivo,Lara_exvivo_context_holdout_5_MkP,error_two_predictor_mean_rmse,risk_model_disagreement,69,0.31962002192181227
Lara_exvivo,Lara_exvivo_context_holdout_5_MkP,error_two_predictor_mean_rmse,baseline_predicted_magnitude,69,0.23511143587869934
Liang,Liang_context_holdout_1_DM2_1,error_two_predictor_mean_rmse,safeconf_calibrated_pair_risk,68,0.4583730961560484
Liang,Liang_context_holdout_1_DM2_1,error_two_predictor_mean_rmse,safeconf_frozen_pair_risk,68,0.3173645837309615
Liang,Liang_context_holdout_1_DM2_1,error_two_predictor_mean_rmse,risk_model_disagreement,68,-0.08218498301332212
Liang,Liang_context_holdout_1_DM2_1,error_two_predictor_mean_rmse,baseline_predicted_magnitude,68,-0.0873382448371951
Liang,Liang_context_holdout_2_DM2_2,error_two_predictor_mean_rmse,safeconf_calibrated_pair_risk,68,0.17440928350574492
Liang,Liang_context_holdout_2_DM2_2,error_two_predictor_mean_rmse,safeconf_frozen_pair_risk,68,0.15696453792418977
Liang,Liang_context_holdout_2_DM2_2,error_two_predictor_mean_rmse,risk_model_disagreement,68,0.20445089132343397
Liang,Liang_context_holdout_2_DM2_2,error_two_predictor_mean_rmse,baseline_predicted_magnitude,68,0.15036072832767108
Liang,Liang_context_holdout_3_DM2_3,error_two_predictor_mean_rmse,safeconf_calibrated_pair_risk,68,0.2856433942817879
Liang,Liang_context_holdout_3_DM2_3,error_two_predictor_mean_rmse,safeconf_frozen_pair_risk,68,0.2681604763904264
Liang,Liang_context_holdout_3_DM2_3,error_two_predictor_mean_rmse,risk_model_disagreement,68,0.17769210214910103
Liang,Liang_context_holdout_3_DM2_3,error_two_predictor_mean_rmse,baseline_predicted_magnitude,68,0.14688704813528267
Liang,Liang_context_holdout_4_DM2_4,error_two_predictor_mean_rmse,safeconf_calibrated_pair_risk,68,0.04499442610117344
Liang,Liang_context_holdout_4_DM2_4,error_two_predictor_mean_rmse,safeconf_frozen_pair_risk,68,0.3949688895675077
Liang,Liang_context_holdout_4_DM2_4,error_two_predictor_mean_rmse,risk_model_disagreement,68,0.4713898538000533
Liang,Liang_context_holdout_4_DM2_4,error_two_predictor_mean_rmse,baseline_predicted_magnitude,68,0.4815818605183799
Liang,Liang_context_holdout_5_DM2_5,error_two_predictor_mean_rmse,safeconf_calibrated_pair_risk,68,0.22727793258770082
Liang,Liang_context_holdout_5_DM2_5,error_two_predictor_mean_rmse,safeconf_frozen_pair_risk,68,0.14276443867618427
Liang,Liang_context_holdout_5_DM2_5,error_two_predictor_mean_rmse,risk_model_disagreement,68,-0.04214223002633889
Liang,Liang_context_holdout_5_DM2_5,error_two_predictor_mean_rmse,baseline_predicted_magnitude,68,0.04805893804634118
Liang,Liang_context_holdout_6_DM2_6,error_two_predictor_mean_rmse,safeconf_calibrated_pair_risk,68,-0.0621063480551208
Liang,Liang_context_holdout_6_DM2_6,error_two_predictor_mean_rmse,safeconf_frozen_pair_risk,68,-0.12432721303966102
Liang,Liang_context_holdout_6_DM2_6,error_two_predictor_mean_rmse,risk_model_disagreement,68,-0.2018170019467878
Liang,Liang_context_holdout_6_DM2_6,error_two_predictor_mean_rmse,baseline_predicted_magnitude,68,-0.28705576974462726
Liang,Liang_context_holdout_7_EM2_1,error_two_predictor_mean_rmse,safeconf_calibrated_pair_risk,68,0.2782379661793335
Liang,Liang_context_holdout_7_EM2_1,error_two_predictor_mean_rmse,safeconf_frozen_pair_risk,68,0.1347864259266328
Liang,Liang_context_holdout_7_EM2_1,error_two_predictor_mean_rmse,risk_model_disagreement,68,-0.081765087605451
Liang,Liang_context_holdout_7_EM2_1,error_two_predictor_mean_rmse,baseline_predicted_magnitude,68,0.03889758369278925
Liang,Liang_context_holdout_8_EM2_2,error_two_predictor_mean_rmse,safeconf_calibrated_pair_risk,68,0.3147306943543154
Liang,Liang_context_holdout_8_EM2_2,error_two_predictor_mean_rmse,safeconf_frozen_pair_risk,68,0.3517196625567812
Liang,Liang_context_holdout_8_EM2_2,error_two_predictor_mean_rmse,risk_model_disagreement,68,0.09157537122571287
Liang,Liang_context_holdout_8_EM2_2,error_two_predictor_mean_rmse,baseline_predicted_magnitude,68,0.057754704737183644
Liang,Liang_context_holdout_9_EM2_3,error_two_predictor_mean_rmse,safeconf_calibrated_pair_risk,68,0.1900599305263961
Liang,Liang_context_holdout_9_EM2_3,error_two_predictor_mean_rmse,safeconf_frozen_pair_risk,68,0.17700500057258464
Liang,Liang_context_holdout_9_EM2_3,error_two_predictor_mean_rmse,risk_model_disagreement,68,0.13375577356185822
Liang,Liang_context_holdout_9_EM2_3,error_two_predictor_mean_rmse,baseline_predicted_magnitude,68,0.11863953887849753
Santinha,Santinha_context_holdout_1_Interneurons_Sst_Pvalb,error_two_predictor_mean_rmse,safeconf_calibrated_pair_risk,51,0.1549902585804543
Santinha,Santinha_context_holdout_1_Interneurons_Sst_Pvalb,error_two_predictor_mean_rmse,safeconf_frozen_pair_risk,51,-0.1588235294117647
Santinha,Santinha_context_holdout_1_Interneurons_Sst_Pvalb,error_two_predictor_mean_rmse,risk_model_disagreement,51,-0.2048868778280543
Santinha,Santinha_context_holdout_1_Interneurons_Sst_Pvalb,error_two_predictor_mean_rmse,baseline_predicted_magnitude,51,-0.24832579185520362
Santinha,Santinha_context_holdout_2_Interneurons_Vip_Adarb2,error_two_predictor_mean_rmse,safeconf_calibrated_pair_risk,51,-0.05780309974713359
Santinha,Santinha_context_holdout_2_Interneurons_Vip_Adarb2,error_two_predictor_mean_rmse,safeconf_frozen_pair_risk,51,0.005067873303167421
Santinha,Santinha_context_holdout_2_Interneurons_Vip_Adarb2,error_two_predictor_mean_rmse,risk_model_disagreement,51,-0.031040723981900453
Santinha,Santinha_context_holdout_2_Interneurons_Vip_Adarb2,error_two_predictor_mean_rmse,baseline_predicted_magnitude,51,-0.19719457013574657
Santinha,Santinha_context_holdout_3_Neurons_L_2_3,error_two_predictor_mean_rmse,safeconf_calibrated_pair_risk,51,0.24208144796380088
Santinha,Santinha_context_holdout_3_Neurons_L_2_3,error_two_predictor_mean_rmse,safeconf_frozen_pair_risk,51,0.14678733031674207
Santinha,Santinha_context_holdout_3_Neurons_L_2_3,error_two_predictor_mean_rmse,risk_model_disagreement,51,0.15665158371040722
Santinha,Santinha_context_holdout_3_Neurons_L_2_3,error_two_predictor_mean_rmse,baseline_predicted_magnitude,51,0.12199095022624433
Santinha,Santinha_context_holdout_4_Neurons_L_5,error_two_predictor_mean_rmse,safeconf_calibrated_pair_risk,51,-0.09020622061892905
Santinha,Santinha_context_holdout_4_Neurons_L_5,error_two_predictor_mean_rmse,safeconf_frozen_pair_risk,51,-0.05945701357466063
Santinha,Santinha_context_holdout_4_Neurons_L_5,error_two_predictor_mean_rmse,risk_model_disagreement,51,-0.061538461538461535
Santinha,Santinha_context_holdout_4_Neurons_L_5,error_two_predictor_mean_rmse,baseline_predicted_magnitude,51,0.12660633484162895
Santinha,Santinha_context_holdout_5_Neurons_L_6,error_two_predictor_mean_rmse,safeconf_calibrated_pair_risk,51,0.07390292987617261
Santinha,Santinha_context_holdout_5_Neurons_L_6,error_two_predictor_mean_rmse,safeconf_frozen_pair_risk,51,-0.4081447963800905
Santinha,Santinha_context_holdout_5_Neurons_L_6,error_two_predictor_mean_rmse,risk_model_disagreement,51,-0.4932126696832579
Santinha,Santinha_context_holdout_5_Neurons_L_6,error_two_predictor_mean_rmse,baseline_predicted_magnitude,51,-0.2495927601809955
Shifrut,Shifrut_context_holdout_1_D1_nostim,error_two_predictor_mean_rmse,safeconf_calibrated_pair_risk,43,0.1451223195409242
Shifrut,Shifrut_context_holdout_1_D1_nostim,error_two_predictor_mean_rmse,safeconf_frozen_pair_risk,43,0.1386288130474177
Shifrut,Shifrut_context_holdout_1_D1_nostim,error_two_predictor_mean_rmse,risk_model_disagreement,43,0.15508909694956208
Shifrut,Shifrut_context_holdout_1_D1_nostim,error_two_predictor_mean_rmse,baseline_predicted_magnitude,43,0.009513742071881607
Shifrut,Shifrut_context_holdout_2_D1_stim,error_two_predictor_mean_rmse,safeconf_calibrated_pair_risk,43,0.4125641800060405
Shifrut,Shifrut_context_holdout_2_D1_stim,error_two_predictor_mean_rmse,safeconf_frozen_pair_risk,43,0.2807308970099668
Shifrut,Shifrut_context_holdout_2_D1_stim,error_two_predictor_mean_rmse,risk_model_disagreement,43,0.25732407127755963
Shifrut,Shifrut_context_holdout_2_D1_stim,error_two_predictor_mean_rmse,baseline_predicted_magnitude,43,0.573542736333434
Shifrut,Shifrut_context_holdout_3_D2_nostim,error_two_predictor_mean_rmse,safeconf_calibrated_pair_risk,43,0.17834491090305044
Shifrut,Shifrut_context_holdout_3_D2_nostim,error_two_predictor_mean_rmse,safeconf_frozen_pair_risk,43,-0.14602839021443673
Shifrut,Shifrut_context_holdout_3_D2_nostim,error_two_predictor_mean_rmse,risk_model_disagreement,43,-0.15901540320144972
Shifrut,Shifrut_context_holdout_3_D2_nostim,error_two_predictor_mean_rmse,baseline_predicted_magnitude,43,0.15448504983388703
Shifrut,Shifrut_context_holdout_4_D2_stim,error_two_predictor_mean_rmse,safeconf_calibrated_pair_risk,43,-0.0453035336756267
Shifrut,Shifrut_context_holdout_4_D2_stim,error_two_predictor_mean_rmse,safeconf_frozen_pair_risk,43,-0.05995167623074601
Shifrut,Shifrut_context_holdout_4_D2_stim,error_two_predictor_mean_rmse,risk_model_disagreement,43,-0.0480217456961643
Shifrut,Shifrut_context_holdout_4_D2_stim,error_two_predictor_mean_rmse,baseline_predicted_magnitude,43,0.09725158562367865
