e172_global_target_rank,panel_id,panel_target_rank,ensembl_core,perturbed_gene_name,n_identity_complete_guides,eligible_guide_ids,expression_axis_id_unique,expression_axis_gene_name,target_name_matches_expression_axis,expression_axis_name_unique,scgpt_token,in_scgpt_vocabulary,eligible_target,target_selection_sha256,column_unseen_sha256,e172_selection_sha256,e172_column_unseen_sha256,target_stratum,perturbation_support_contexts_pretruth,excluded_all_e168_and_e170_targets,selection_used_expression_abundance_effect_error_or_e171_validation
601,Q04,1,ENSG00000167740,CYB5D2,2,CYB5D2-1+CYB5D2-2,True,CYB5D2,True,True,CYB5D2,True,True,764a44dcf54000217d5551ce1e9156866b8b727f5f5b0a793110d11745fdbb48,c4fdc8ba8ba48b26ad299d1d26dbb10596f74940f114e76d00fd2fce94689404,23163744938e438cf4ffbe1a59a34c0671480bb2114112b0f4c474deabb6713e,f1bc8d9752ed00823a5622ad6be083252a9d1c681e39cd07ea6f9a9df5cc7c5c,DONOR_UNSEEN_ONLY,6,True,False
602,Q04,2,ENSG00000198055,GRK6,2,GRK6-1+GRK6-2,True,GRK6,True,True,GRK6,True,True,345483204a249a849e9872ed0807d0f67e9963a67f9a54d1ef9aea4eb9fbc7d7,6e67981d2032d6f5717a60583dd5e2489cc0b67884af99848749a93cfd214e0b,234204594f2be293343975c23d2d3fe5b13aa0c1209f98ca47c219653b2d18a8,a8b8d835234a035d9561cf2a6313c7ede3f81796c115ff0261be20db2f834e40,DONOR_UNSEEN_ONLY,6,True,False
603,Q04,3,ENSG00000100528,CNIH1,2,CNIH1-1+CNIH1-2,True,CNIH1,True,True,CNIH1,True,True,a611ba06e796fd71796e39c9bdb14d0a8f243e04e8175a68fc643ff1ba603f22,d96b5b5e05be445964a03034e4fb53651dff8c6ea494882194f07f680abd7f20,234306bcea71172ee0be3c5edcb340bebe9bab7a98c50d0ac7ad387fea26bc58,5a8015bfb6840a47f9ee5aa3990a5204a8a932ee8c154109c3c3c4dccff66728,DONOR_UNSEEN_ONLY,6,True,False
604,Q04,4,ENSG00000172123,SLFN12,2,SLFN12-1+SLFN12-2,True,SLFN12,True,True,SLFN12,True,True,e46f784cfe7da904eef230293a406dae3e2afd4ac62560ef69eafbf017038e31,df54a3ae0371655d04c968724c23e9ba697221cddb3e66e81a3efbafc287fe84,236205dc43de80406127353f3326e537df2ef8349849e7beb7e19aa3cebe99e9,e4f08135007323cbe916c41399b00fd42d3434b8a5af92f6cbd87a156d2685d2,DONOR_UNSEEN_ONLY,6,True,False
605,Q04,5,ENSG00000248485,PCP4L1,2,PCP4L1-1+PCP4L1-2,True,PCP4L1,True,True,PCP4L1,True,True,599456c9aa4330c16d600a3cf51e7cc11487ebdd169b185b2cefb804b11b1932,9f27c5a333597c9ef1711f101ed6dfe13b46d888f7a79dfe1935f0f58ae78dd3,236e702adc60f7ac1736569ee5cc43c1c8bcfb6a4245d6138134143826954bdc,081a238da505f87e05e23114126b61200fb664f7f4641b62ceb8574dd24ab8f4,COLUMN_UNSEEN,0,True,False
606,Q04,6,ENSG00000140332,TLE3,2,TLE3-1+TLE3-2,True,TLE3,True,True,TLE3,True,True,734367820b9984835e9a1c9a8fa3b6d4f445e7cac284fcd6305a831266c45184,bd5ffb6ad6efb119bfa103a894031b22643f47691cc92cdffd94f84cee22f918,2371b1608d244d4cc45eca5372109d41e859bb833aac8047549807a1959b8824,bf232e6346bf60b7303987b83e4f44da6d8edd16bb31ae9b3a20a653ff7c7ee0,DONOR_UNSEEN_ONLY,6,True,False
607,Q04,7,ENSG00000131187,F12,2,F12-1+F12-2,True,F12,True,True,F12,True,True,51532cf6717ba96dc9e92b5689395d8ea057d9f603147b927309e632d2bf73ef,b72ecb7d84d50c948b3f300d6f4d65caa9fc7281fc36a9fa90f9e2f78f4cb728,237be89f99c57f27fda205dceb7cab0defd0689abdb4a008017d399e75cb3511,7c602482cfc7301ffa8ef03103529bce6940459e8257f13aca561bcb86590387,DONOR_UNSEEN_ONLY,6,True,False
608,Q04,8,ENSG00000100360,IFT27,2,IFT27-1+IFT27-2,True,IFT27,True,True,IFT27,True,True,445b2925778b56f66fa96e4f1a92c829c5c873daa004bc37fc19ad51a6902fea,873668d82d1b8a1b49e0a7da39252ce7c5954d1557ee5487c6688517cd1a37b7,237f85b75b7989116833bc9bfd03cf4a4abf8f0a0e8eef00dbf995f842f64500,b759e3cfaa0769d361656d8a424e589d1e4b343cffe24c4cfe8f53075b9e727c,DONOR_UNSEEN_ONLY,6,True,False
609,Q04,9,ENSG00000144597,EAF1,2,EAF1-1+EAF1-2,True,EAF1,True,True,EAF1,True,True,f857c54cd567ab3f9aa0af5de3908308d5510fb8cfb6ef50851f491d08211df2,bbf31e323ffc673a2f2f5958497f3f9df645ed1f9c7ffb5852676fdc92b7cfdd,23810abaf3eed4412525805071451eb5394dca9b8b0be41212942388fa4f719a,b1b2cbc4367a2079cef620b22339f5cfacc686efaf8c0ce1797be7cee68c7ec7,DONOR_UNSEEN_ONLY,6,True,False
610,Q04,10,ENSG00000196465,MYL6B,2,MYL6B-1+MYL6B-2,True,MYL6B,True,True,MYL6B,True,True,7267dce865b752763003b6529654bfc01ef291aa4e8babc02c77a7b3d550db9d,b0338450495be3c3b181cb7c54dc04359fb1b868d3cce14da202dae4714e3ff4,238190b9c1a47e2c40d29538b99537b4183e3ff23c2e878ee5f0124bb7658080,891a32ed6a6d79c1da82d9930d6cef050d276fba53db7eb5a04926c4e9fc4686,DONOR_UNSEEN_ONLY,6,True,False
611,Q04,11,ENSG00000163686,ABHD6,2,ABHD6-1+ABHD6-2,True,ABHD6,True,True,ABHD6,True,True,55c019e0b641b6bd5692b5672a0acd6391bd346f359c5b3d082f32ad01b9f1c2,f9a892560d4a963ae12c700db14a33ba5cc1780d746c0b6c75ae9826acad52c1,23844d134b1887085e24325b08fa479a14142a660f7743b0a7c6a2870c11d4f1,4a0c62a03042234829e6f33e92a270d140dfb0b1dfe1e935f0e8ba1554c42155,DONOR_UNSEEN_ONLY,6,True,False
612,Q04,12,ENSG00000162695,SLC30A7,2,SLC30A7-1+SLC30A7-2,True,SLC30A7,True,True,SLC30A7,True,True,c5e2e6fe2b4c11bf6c3fc0193ea17064a2ddeab1a029a4317339ae50e2e37830,71f183252c71402e3af832068a66153b34901048df9336fc5f42c3b80b317b3f,23877bbe0d2d17733d3accb431af458dddcf448f00603f9249c4919e53dd6acf,22d03527592c74c0ad5c35351b089c725a8b91be8afbaf2f42b5f8dc7138255a,COLUMN_UNSEEN,0,True,False
613,Q04,13,ENSG00000010319,SEMA3G,2,SEMA3G-1+SEMA3G-2,True,SEMA3G,True,True,SEMA3G,True,True,6894c8065ebb636cab4a04a2c3756782217846ac02930b6cbd53af64f66f673d,dc50e56aaeee0543991bd49d9919629f1f2b07c06b5fe5fdd873d881e0243378,23be9bd847d23a7bd66da500970e4faeae84389cee6b4cd9a3d8c9440bf95d67,ff2e2e338bcd20d4c85c12eff84332e66fc990536d162a7266488da289964d5d,DONOR_UNSEEN_ONLY,6,True,False
614,Q04,14,ENSG00000176401,EID2B,2,EID2B-1+EID2B-2,True,EID2B,True,True,EID2B,True,True,4da20ef39f4b2d3edc6438a83811f66c0e06cbe7ad052792ecdc3adb3f51c5ec,e43d9e31cf3b85cbc6fbfe3c9349640a2f7ace98e45d83ef3db92db91da8dd4b,23beb45aa8f78674c21fc5ba5184c8d7a3f0b0efe09fbc78a567791df19543be,3f15974108c4a97a0bd9b3d6e4f81d35e8b8ba5e2083f8096da3a2d7e4d7c2ac,DONOR_UNSEEN_ONLY,6,True,False
615,Q04,15,ENSG00000049089,COL9A2,2,COL9A2-1+COL9A2-2,True,COL9A2,True,True,COL9A2,True,True,b7c7b352fb442543318914f55e3e4be72c10bf0dbada310f9985649afca6bd7f,27fc09e9f8840c93ffc980bfb675b97f1a747ea966cd299e7831c757597f8ea0,23cfa6db174f944f17f46b786c235221f93110b0f71893ce2ab0613d5ef667fc,2919051261c59d16e6503f2bc820ec5b7b2b6cabccdfc6de88b461131bf45423,COLUMN_UNSEEN,0,True,False
616,Q04,16,ENSG00000008197,TFAP2D,2,TFAP2D-1+TFAP2D-2,True,TFAP2D,True,True,TFAP2D,True,True,ac8bd833777f41cabc4ac4b488dca37e10128df0ab0999568bd33b574f7a5dc6,f91b9c7dff7a89369819cfc69539926e0a4882139ca727333f0b255d574f9943,23df184193699660eb35776feb1c65a0dc55077612c1cda0045fc4178dd22e06,0208c6a908fbf3a16b62ba3a8f5ece72bc25a897b1b9cf47bafcaea2817ba6a0,COLUMN_UNSEEN,0,True,False
617,Q04,17,ENSG00000100079,LGALS2,2,LGALS2-1+LGALS2-2,True,LGALS2,True,True,LGALS2,True,True,8f74d0309f14ac50f370deef0f6f37de0376aeec01d9e345ac6aaae083e1d5ab,29287f27618c8d787f1fac041f6c3ec6f1c47b8e724aa60ac6f0cddb296bc8e1,23e8884113caff44328b96ee31cb1c4ef3d20666ac4050cb06cbd31e5bc86f8c,a4a4b37af3a8901abdec4e3a658699d21124a9144901b9fd3027907ac9965f37,DONOR_UNSEEN_ONLY,6,True,False
618,Q04,18,ENSG00000173588,CEP83,2,CEP83-1+CEP83-2,True,CEP83,True,True,CEP83,True,True,e5830ab6596561c8c14368b5fe6c2add800230673140ef24fdc6a360031f8aa9,34033002394d38278e0b1d8fa9b5dc5b89614cd0a10925f548004b0346c8f5b2,23ea22e514829f7a34e15d9cb620b03a12f39023a613eac76710f06ffebb1b98,f96032204014df0b99d5cb204f0f7ae50852a05813d4c5b3c47784d6a7a365f9,DONOR_UNSEEN_ONLY,6,True,False
619,Q04,19,ENSG00000100441,KHNYN,2,KHNYN-1+KHNYN-2,True,KHNYN,True,True,KHNYN,True,True,92b35b1f5d089706a5049384dc739a5e3306da5eee19f2902be51d79cb4ddf3f,c5f9e5a4e942b0f235bef2ea4ad76ad7de62ca1e846a8c6a54369354eac5ddd8,23f076addb83e23d0cc4190f6bf69b25e7798af989f5a3012d3b339f73157f31,4bc56020a8a1cae7d06ced1b2aa05f190f1b938649272143d0fb8d4531943e77,DONOR_UNSEEN_ONLY,6,True,False
620,Q04,20,ENSG00000137824,RMDN3,2,RMDN3-1+RMDN3-2,True,RMDN3,True,True,RMDN3,True,True,e478ebb1bea7b73e950aed65c09bdcd6851f6ef975499652906c5c62df8ffc43,dd4c3a0abf6052377e8778c0cd9460e4cf88db498c88260f46530ff39f33ca08,2403fd58380848a2a44d176b5d5f457ff2e8c80470f8b019df878f4d4d4829e3,edb11a577888ec29342733d4d5cfd716257c9c7560c01b9e6eb0af4245386fdd,DONOR_UNSEEN_ONLY,6,True,False
621,Q04,21,ENSG00000125510,OPRL1,2,OPRL1-1+OPRL1-2,True,OPRL1,True,True,OPRL1,True,True,2465e98c2f533442ad85452854c13024d36b82fd4a7999d19da442366dab69a9,99e3ec12254db92c614a81dcd0a931fedd21e03b45cd12201eeb2186cc503e3b,2416a71429a5f93e46511312468df68e1a0937bd25c29261a4bf3411ea32d7dd,5ecbd81c6203cad5e17875d419c8891bb03827d272eb72f98a3924ad9257c80c,DONOR_UNSEEN_ONLY,6,True,False
622,Q04,22,ENSG00000007047,MARK4,2,MARK4-1+MARK4-2,True,MARK4,True,True,MARK4,True,True,3495d3ef3c62e6c41f7529b6daa8b98105a69cd409686740bbd75d61063c59ec,a1ba717d5d9bb580cb31fb5a38d929177a73b32b1a676542ed090d3c8a7f0600,242dec4f664aaf19c6a8948407fac0aa13ee0a90db0c37ec45c71da47b6c745d,4c4b5d3f2b024e5ee4f3fe4c64bc50e446bedb700851fcb3afa3713346476c2f,DONOR_UNSEEN_ONLY,6,True,False
623,Q04,23,ENSG00000072736,NFATC3,2,NFATC3-1+NFATC3-2,True,NFATC3,True,True,NFATC3,True,True,39f282047493779c9ad1e6aeffad9aa7080bfd0ae3a65eb168ddb50d44e9fe4f,df589832b41ce196d36714acf6cdacaf360b76e453562803f64b449ee4a95a91,243770eb2d53c872c205d2ac277a34af69ec959384fb5e9c1f0ac7a8a538f794,9fc972d5bbec5d1a0e66204771a5f328226c9ebef46c8fbd48e5e449bfae34df,DONOR_UNSEEN_ONLY,6,True,False
624,Q04,24,ENSG00000205755,CRLF2,2,CRLF2-1+CRLF2-2,True,CRLF2,True,True,CRLF2,True,True,2ac87de7a5dbb13dd21b2f3394702e3c30a5b29c52201ad61fcc50c853c92147,ca513bb51e75b74f7612fddf46e09bb548deec73a7550a20abd3d7a444b43107,243a4294601875d41b825c594cbb346218ab80fe399680bd83a023e90a06cfae,7a379e5cee8d0c4f71093775a81952fd740cd9cb2bf84df135b0c445ed303777,DONOR_UNSEEN_ONLY,6,True,False
625,Q04,25,ENSG00000186352,ANKRD37,2,ANKRD37-1+ANKRD37-2,True,ANKRD37,True,True,ANKRD37,True,True,1eccc756b3ac560b073e1c21b6f7790e82b5211ab74c65cb8bd8d21c4f14104b,d1ffd8f1e459f8347b834bacb29069e5fc856c0770c9ca9a59f571ef45aa9fb3,24434907f1d62734f535a06f05516c2225afb8b87013c0e206623a3d82ce68ce,8d3f147db15c6912bda06130ea8afd549c3d2aaad33d61862acf663a811b54b2,DONOR_UNSEEN_ONLY,6,True,False
626,Q04,26,ENSG00000128408,RIBC2,2,RIBC2-1+RIBC2-2,True,RIBC2,True,True,RIBC2,True,True,6c3d1ae92c844ca2d770310dc769e3ce767a88df294ae58ce091dd061d3173c7,dfd0553bf69a31d03f35319185f4a27b987e7bdcc7166d0d2bcad2fcfcae0f88,245082b944f4da2804132d6cd87e9205c2ab9c5faddb7c57d091f268720c2e39,3bab9a1c3b43310ce1592c7ee1e452f851926fe3a5451e30762b96e54164d7cd,DONOR_UNSEEN_ONLY,6,True,False
627,Q04,27,ENSG00000119421,NDUFA8,2,NDUFA8-1+NDUFA8-2,True,NDUFA8,True,True,NDUFA8,True,True,16e14e7b80b04e8edf20a3e1cd5016ccf9e9dfbd03293cac0329be1f97ea3cf6,27267dd4515bce5a80b884333b9ba4db496705f610030e4baae0b6a7c3d70f4a,2468e462a1b9a09414cf2b8159616fe315f07f5e0adee51189239edbea44ed83,c0ee3d78236fa938ba8798417f10bd106f3e3d734de5f111123309afe538e258,DONOR_UNSEEN_ONLY,6,True,False
628,Q04,28,ENSG00000104853,CLPTM1,2,CLPTM1-1+CLPTM1-2,True,CLPTM1,True,True,CLPTM1,True,True,e84f6da52e538e2f944c9984d1a236868c6d49791694f4f754b8be49b15f43af,926f6e23bc4284f65554d6ddd927fd1468b30220e43c908eea9dacf06688b130,246ff9e4f9ce90c5fd1787f076f48dc9fefb9cc4e07844d8ba3f4b0da3b3c3ad,50c377d43e7228e8478456f23e6f244d9c554096673d5ca22b75021f2cc66b20,DONOR_UNSEEN_ONLY,6,True,False
629,Q04,29,ENSG00000035403,VCL,2,VCL-1+VCL-2,True,VCL,True,True,VCL,True,True,3bea9ad39f5ad2eef8fb1d5c6186c0cf92c46782472fb20c30bde1cb8f472570,e4b002616aaae833fdc95b09be8bbbd83d6737887752985e896f70a72785e9f6,247371c82860d6cd8156bb9f75fb4c7337937caca2f9cbf13a7d0717115399d7,75aee0cb629acd6343910a51f060868fc6313830e2fc2f59430f592de4250383,DONOR_UNSEEN_ONLY,6,True,False
630,Q04,30,ENSG00000103121,CMC2,2,CMC2-1+CMC2-2,True,CMC2,True,True,CMC2,True,True,fb711fd7d93690ef67200104f758abbfdf2422fd00d1053041ca4ba2b0d4d712,0041421d50aba75e0306d24bf9df225897748ec503897e4ce66f25a30b367ab3,24768397161aef7d1a8f30e04038cbd6c5df8c4d51655890adda05a52f5a08b3,9d331b6fd35e760065b94ee2e44d28af74dcd48d88febe17ce66436301564835,DONOR_UNSEEN_ONLY,6,True,False
631,Q04,31,ENSG00000140521,POLG,2,POLG-1+POLG-2,True,POLG,True,True,POLG,True,True,9517207d39f0400a7d22aace113c2dc90ed288f8a18971a3dcc1061b8c746c7d,dd24a092c8453c457e4d38d41efa8e3b4839d3daf980c97708a7adf39f841619,249eabda09a66297ffdb4d2d28ee229bfbbd6dd21c5bdbdf815f9e7465a6b05c,dc9b72f37d959abc38f7c421bbd65398354a3c2d1f923a86584e2a8099eb2945,DONOR_UNSEEN_ONLY,6,True,False
632,Q04,32,ENSG00000162402,USP24,2,USP24-1+USP24-2,True,USP24,True,True,USP24,True,True,59af603fd5927db93bb7d5b4bf78ff76b1366c2d18b20326b3b7fedca74de0f8,cb7f64c0664a69c2f9ec255ae3534ec1696a94b62cb134c94f7020eaa024e593,24a3f83c96dc8839718f3a57e2e2c90fef63486d654fae9938a7ebaf4c5f8a15,39483714428697ec0e4260ffdb25ddc2b5c77363216de2f70b33ed63310e3c3a,DONOR_UNSEEN_ONLY,6,True,False
633,Q04,33,ENSG00000119922,IFIT2,2,IFIT2-1+IFIT2-2,True,IFIT2,True,True,IFIT2,True,True,aec66462b652d27c168a062d98c613860217f0fc2d9646c57410394f05e09242,9c8ba47e8176cea1d86ed3f4c2a7c704733c568b71105f7d8703e94513957f60,24a83753c74499f2154759f837128a34d5ca73091eca49f267a90534c36a8ea8,612f84170224a1d8a089f32a819c162666d6f55be494da0607238e8fe33f169d,DONOR_UNSEEN_ONLY,6,True,False
634,Q04,34,ENSG00000115386,REG1A,2,REG1A-1+REG1A-2,True,REG1A,True,True,REG1A,True,True,2644e7ae45f39e6a9e0c917e2a9f97ea6450737c456b1a151b9697a23fa8c5ee,b9940ad5ba4d91034ce85e73027deae7ecfe10868a55045febf69aae8e860a23,24b97927e0d7f44049d4832fc57dcb30d4fe38b36347a12d138de8408eea9bf4,e24849c34dd7ff0894a1911381c78d0229d6d31e850e1beaa4268ac708f4c9e2,DONOR_UNSEEN_ONLY,6,True,False
635,Q04,35,ENSG00000163818,LZTFL1,2,LZTFL1-1+LZTFL1-2,True,LZTFL1,True,True,LZTFL1,True,True,7db1829cd3e81c9fd58b5021e542f4edcc8720f81d24d3d47c95b2aa16e040ba,45fb509d302510f86d0939d063993bbdcdbb5ba516cf7b9873e95c001caf3be1,24b9e01942ecbfc2d6159972e307c0e98a13244ae3dd30185400d9e1af55de0d,56c7468bb872ed93ef58d5cd8dfd43b2cf56fbf32f0c5517787459e4662a9d34,DONOR_UNSEEN_ONLY,6,True,False
636,Q04,36,ENSG00000196503,ARL9,2,ARL9-1+ARL9-3,True,ARL9,True,True,ARL9,True,True,36c6c14e2673b818a8a56cd1fac7ed3b00f90eac1a49368f341a90c4a20f3358,4ec0e93ec5b4c57e8a357c5a9f8bd4f9a8922b59082aadc4f4fc8f024d3cbcd1,24f0e4cc05cb6fb035993ae96c5f751a8ac29077f409753d72bed2f15698c66e,d9412bd772f1a0125b534229fc8efc5b8d5643eceead4f4e77169f5c716ded2c,DONOR_UNSEEN_ONLY,6,True,False
637,Q04,37,ENSG00000080546,SESN1,2,SESN1-1+SESN1-2,True,SESN1,True,True,SESN1,True,True,1bce83835c993961cbe080a4d390c9ce05611439ad201571d6d660bbc03e0a0e,bc5321c47d6ab3e02440e7251211c54de405270e95d83a3ad2ccae4891c4759c,25088bc0bf7de0e57eca0a4d7b8f8cd858949c4e837422a907e59173b2b22155,44330f4f97e858b164eb4f0c3cee538071f146f23429bd59ba6f904a46c31442,DONOR_UNSEEN_ONLY,6,True,False
638,Q04,38,ENSG00000169020,ATP5ME,2,ATP5ME-1+ATP5ME-2,True,ATP5ME,True,True,ATP5ME,True,True,338a73623eaa3d804f1035d673fdd23c4dd0f0e6896938b29f2dd27f9628fe3a,f3cd324c8b276e3c59863c0932febdaa236e260d68d4dd34b505ba7cf9f8f74b,250ad88cafd1cfbe9843c4727fb29554b85e696812af005cdffed4b0a500c402,6f95e2cacacff10cf0c34bc325b6721f95aea953a444c4f7114e3898a11d2c21,DONOR_UNSEEN_ONLY,6,True,False
639,Q04,39,ENSG00000159176,CSRP1,2,CSRP1-1+CSRP1-2,True,CSRP1,True,True,CSRP1,True,True,585a14afad7bce837d200024a255d6b2d20608c3e588c8237e8ad38228b89e05,65bce0b9aaf1a003cf9fe530326b2aca5d91fb5fa68fdd2d6e2591cd61d2e995,251d383f913d7670d7240ce8bc63c2d1546e976557a5810e337b38250721bb10,835960b4997c1d68a3ec2449dc9aedf871e7b3135dc6af3cac12279c9592c057,DONOR_UNSEEN_ONLY,6,True,False
640,Q04,40,ENSG00000139990,DCAF5,2,DCAF5-1+DCAF5-2,True,DCAF5,True,True,DCAF5,True,True,19253995fac90548805acfbb0b59fcc82ab28748aaeb541a411a1f9823bdf84b,f14a8766f54966e31d5a7a03e46090aa49680375c5c4b573f3ebadb2438a7898,25315744c107194dc2422386b1394d6ac7d66a2393e9320831985bfbb397b29f,23e9ef2421b16c4483fd65fd8ae68deeda38be7ba21654ce4e6ac07e59011344,COLUMN_UNSEEN,0,True,False
641,Q04,41,ENSG00000102606,ARHGEF7,2,ARHGEF7-1+ARHGEF7-2,True,ARHGEF7,True,True,ARHGEF7,True,True,41711df05c7aed72c1966058f9ed4bae63e31726cd342655631678cc34ad2d41,abfa0b465cf6a8783c82717bc7278d9f1d52949cf186079afe31f117b4d17437,253d0a219572ac38f25b362699119ddec76b7d8cee0a4dacaeadb16e1e458ece,ac9608a55a2eca1f8567b84fd47fa802fc58ca1a4c73fab8cc916662de466d03,DONOR_UNSEEN_ONLY,6,True,False
642,Q04,42,ENSG00000106460,TMEM106B,2,TMEM106B-1+TMEM106B-2,True,TMEM106B,True,True,TMEM106B,True,True,4b4bca7a6b639821253af810ec44dd3e3aa3146022c33e57d18e61699059987d,33879cbbb4dd4e3ea692903a429d8355053d48c266d85f210a9aed0bea11ad23,253d1fc1c7742a0ea04a1d3b1d861204026985d6f7d8c62bd775ddb0e9e73966,581b448bae34211c8f0263d27c245f3e4907009302cd38558768ba044e0ebaad,DONOR_UNSEEN_ONLY,6,True,False
643,Q04,43,ENSG00000156804,FBXO32,2,FBXO32-1+FBXO32-2,True,FBXO32,True,True,FBXO32,True,True,2383ac2b01360d966cb8bd7b17d5cf30dcf5026285025fcdd03856c8d373f0a6,e6d3afc20544e390a65c5627ec01e3cf790f9da7df91146154b8b3be04d223ea,25504bfe7337ec186453a7cd760a9ff9cac267b5732aba341c32a415317f018a,53b63846816b62d95f771accb0ab8e2435793251800c8aa49a6506fa47f08f41,DONOR_UNSEEN_ONLY,6,True,False
644,Q04,44,ENSG00000164778,EN2,2,EN2-1+EN2-2,True,EN2,True,True,EN2,True,True,7084fbd5a0a151250612826c549a28ac830a8dd0e28ed61ea413946ad22eae0e,df2ff1a984755e127746bf74019454729f7e8acaf50e235177860dc795f7e861,2582a24ca2f4ee35373df0c964c21116460a324b65d31ae777b6953b3d1c98e0,7bbd379e43d3779f36eb8e1d1dab2d87cf40fb3e2038592048a3f85a65646eb0,DONOR_UNSEEN_ONLY,6,True,False
645,Q04,45,ENSG00000163521,GLB1L,2,GLB1L-1+GLB1L-2,True,GLB1L,True,True,GLB1L,True,True,3ec92436168f82bcf7dc8d8a241d45adebafded7666b4517abd994762f43c5d7,36b5d78244bd87e8e7f5e43cc6a7f3848cba19c0d1ca2f15d0176db921b8f136,259cd1666e1bd71e9d73b2a6c8674341950770fef2a95649f76f3e8bc9e578d0,4a092ab08f6d5e9f48db64168071517fd30abffcac050093599732e765bedf86,DONOR_UNSEEN_ONLY,6,True,False
646,Q04,46,ENSG00000099308,MAST3,2,MAST3-1+MAST3-2,True,MAST3,True,True,MAST3,True,True,89b9f75c246d3ae541c41ebed02075c546b057a58c5f11d0f0ac5ca2ce4b9efb,f7d0a9faab447df590a76a72600a4ed9bbafbcb3d79e6a1a67fd516331ec39a3,25c951230f24233c60c9dd249a136ebd10aeca8bfb6542eb04dafed9e69a2a48,447989c76ecaa8a21ce38b448d7bfaefdae6c09593b5f3e2d36f47ddb17b8370,DONOR_UNSEEN_ONLY,6,True,False
647,Q04,47,ENSG00000120526,NUDCD1,2,NUDCD1-1+NUDCD1-2,True,NUDCD1,True,True,NUDCD1,True,True,4f28539d0ee930cc513a390e9cc6ff621ae0666e91c623a7c6ffb8ecf60ac7b5,da265c7be5e4d2d1ca797a653d2557b2dab8918d40bb3fd901004bc12f681a76,25cad889a3070838ac8dbb3169532b830fd526e915b11535ec0604777df24fd2,05216ba8c1997d15c136d14db457a9192296001353a91bdd68965bbfa2807441,COLUMN_UNSEEN,0,True,False
648,Q04,48,ENSG00000137831,UACA,2,UACA-1+UACA-2,True,UACA,True,True,UACA,True,True,1156bc72dfe76b31ae88e7876ec0886a0d5d3ec6149fc0fa6b7d0535a49842ea,9029649344ffa99ccc727af4b25d8c591dd7ec595ae43b783437ea948f346ebc,25cfc0c087b39cf44f52c1aa70cbbb65e7cc73d0e06547bf4832a305662b32de,46a55d8d2ac270e32caa7a4356e57b39cac420491293ceb4045220dec431101f,DONOR_UNSEEN_ONLY,6,True,False
649,Q04,49,ENSG00000132003,ZSWIM4,2,ZSWIM4-1+ZSWIM4-2,True,ZSWIM4,True,True,ZSWIM4,True,True,c9fbc855c0f8d5d615a461886ed543bca6dfa26ca2dbfd4103f4524f309258dd,1a6535381a4780b9bc291aec45aa4221c98c9c0b9da740eeeab92f644c505e51,25d39d52b4a43305a60fdce88eedae2c6a7518c5d0d954be23f14c3b477557b2,3e88d20f3d6e83da6a9a02fd3066cfc90d91a3c6e8f428ff2e83d8e0d0fd0ace,DONOR_UNSEEN_ONLY,6,True,False
650,Q04,50,ENSG00000188522,FAM83G,2,FAM83G-1+FAM83G-2,True,FAM83G,True,True,FAM83G,True,True,881ce3cf4eb21b591d152e38c6df412cad27607c5ff4c9f6787c1d3912997e5f,f4c2695ab4a002e6785ee6cf084af443a9b3397370d76f865815784a848e7f46,25d3f4ae44a303571e3ad6fb712c5d5435a18e5445528e9f65e1fe132993d1a2,90edcfc9ae6779803b4650ca5414c3540dc73ea6d36ee5ab4b2447aed45df2ad,DONOR_UNSEEN_ONLY,6,True,False
651,Q04,51,ENSG00000165168,CYBB,2,CYBB-1+CYBB-2,True,CYBB,True,True,CYBB,True,True,af4b192620f863478cbe7736716391520da4a9e50f46a2e8af7e2eb618595d48,e79881b622832f2aeecb5531b19ab74371ed707d8630c2f488b9243897b0d1c5,26035862c3b24f9418b79e78980a1e7c939f2c87044b5b8b216c44d65a548c45,0da6f048eb00a3a709e55295b5e7a8b3d7e218daba04feec2e26be1d94480465,COLUMN_UNSEEN,0,True,False
652,Q04,52,ENSG00000135919,SERPINE2,2,SERPINE2-1+SERPINE2-2,True,SERPINE2,True,True,SERPINE2,True,True,87edc3425c63ee85783a7454a8eefa43b0d1f1866395198d4a3de37135fb8b1b,27c9dee74f7c71c3bfecd3ba530c382cc28dbab14e101355eb8495d9f8c74d6c,260cca2d334d83a50cb6383d26e298d76e614373f8778b7005f0510a4a141fc2,3a49e6ca1ef25d3f63bf37833f1b8d4af738c6883f8aa6ca98e5daf140cfb4f7,DONOR_UNSEEN_ONLY,6,True,False
653,Q04,53,ENSG00000122359,ANXA11,2,ANXA11-1+ANXA11-2,True,ANXA11,True,True,ANXA11,True,True,37d91b519dc471fba7ba4850d79a76a52c86b2db0b785705e0f47ee71948870a,1d92d11a6b3475682a7f437993e3b251bbf42c7bc4c8bff4a4de12226f61d5bb,2622be1749870d38efcccfbee95c04d649dd35ee182e9cca27219120c50e1365,af57d993c4490269264273e3ac78007c5b331f0b76308289f90597d4095cdc15,DONOR_UNSEEN_ONLY,6,True,False
654,Q04,54,ENSG00000085982,USP40,2,USP40-1+USP40-2,True,USP40,True,True,USP40,True,True,bc528cd4951bc33c0eaa2243907a397f1bc235f9753e07d6dcf4cf61f0039abc,56a4cced9b18aeb03408c5b39b651f36db45f61e4fbf4474d6b3d6881a289882,263fe35088c45b27a804b2607e1bc66a924f7471464b714bb90ffc11edf1ea6c,1e4ee0ce0b389f6c3d81432708d9954446adc121a00f7847985c2c3d89a7184e,COLUMN_UNSEEN,0,True,False
655,Q04,55,ENSG00000100422,CERK,2,CERK-1+CERK-2,True,CERK,True,True,CERK,True,True,3ccfe1534e2d7ccf35d5e505b79e7fccc4a8ccbd7a1624301ac3f230694f1858,0e6d930f142ba4e8e3136c5b1136a8af9065538556f77a67e756471a4f77a6b1,264860d4b7693fcbccb5c3ef2f35095d58e01dbfba69e7d48038021fd2aa7388,00a36671b18a07a515d903500d146f0c95439f215a5b81a96c5ed383fd63a538,COLUMN_UNSEEN,0,True,False
656,Q04,56,ENSG00000131746,TNS4,2,TNS4-1+TNS4-2,True,TNS4,True,True,TNS4,True,True,4ecc3dd8a4e8a41b46c908eb52d2646fd31e9c1b09094c5469c6901e6738223d,4558dd41232b7126ec945c46c73161152814cd50e6921fa3e8a1af3ba9ca661e,2652e2ba1142d7e9cca0d04c67fba024136b745fd369d73ac8c032b24e56cd61,d92443351d2e49b38aa2a42ec77ac7c31d2c97df20a103dbf0cd3ab39b37fc60,DONOR_UNSEEN_ONLY,6,True,False
657,Q04,57,ENSG00000183734,ASCL2,2,ASCL2-1+ASCL2-2,True,ASCL2,True,True,ASCL2,True,True,b7fef472a4c5bbeab361aea44087e8bf5b00cae6e39f33d1de51edad7ff6163e,e6ac2020fc5f2a9e34fff89029a0651e456a202c5e55580a63b523c219782bb8,266b0820aec9046e0f249a98fdd9a6f169deb123d886df5d636c363078d596d0,625caa193fe11fc8b18034fb2f08e62fa2cf2237ea7e342ed83f54b047d380fa,DONOR_UNSEEN_ONLY,6,True,False
658,Q04,58,ENSG00000277632,CCL3,2,CCL3-1+CCL3-2,True,CCL3,True,True,CCL3,True,True,3e489cc029bdc0177459381c92bd9ae8b5ebab406b78a48d9594c816d477208f,742449a0804b74006e45a71ca4c95408b72a9a76d90ac3943931f13c51bf3ece,267f5928770e2f1846faeb9f672ce4cf4b77233dd0083ddac079d99b22ee18de,c2505cb965c4f9c877d5ae925586b893d5b1ef1a7ecb683810d617dd42d44789,DONOR_UNSEEN_ONLY,6,True,False
659,Q04,59,ENSG00000169981,ZNF35,2,ZNF35-1+ZNF35-2,True,ZNF35,True,True,ZNF35,True,True,ac154dd08fda780b73d712cbdf8116c18f5874719a0c9deed6eb75d43727064d,c380a5a69192767091609912a21cfd34c1d695c945ba537e22f0c581af1ab06e,2685e794a2edd5a91b452e3a12b1b5c958876aeab9a8575c4b76a31cd6afef08,ef2dfd111cc250d91078bdd9da9f64a55aa6d748fc1a6eee6c429c8c7f09336f,DONOR_UNSEEN_ONLY,6,True,False
660,Q04,60,ENSG00000089091,DZANK1,2,DZANK1-1+DZANK1-2,True,DZANK1,True,True,DZANK1,True,True,463076f0bbe108785f0f8b7b76ead858a27b184baf6d2044f823981be30247a4,65c697d001cb8c98e7cb1e927fb4c077ace6791727adb2e83b4422220173f38e,26a16487ff881c398da760c2ffbb0a7fde2886f1fbb9f0d2a3ee8634755702d3,02bbf376cb2f3336517319d89c6a43213376a528272ee7c72767bcf7a71d1f33,COLUMN_UNSEEN,0,True,False
661,Q04,61,ENSG00000198018,ENTPD7,2,ENTPD7-1+ENTPD7-2,True,ENTPD7,True,True,ENTPD7,True,True,69884c7a41160efbd080ed728c07f50e326a78b7c73fc0cb3b4d80570445aaba,b2a6b521624c6297bbf5336f3e3e2b838ad6161d8f8fa06e1a9a68c544bede22,26cb826aa9c7948c1786a801a7ba3c878959c41404436f5e0bbd13a2c2d47ed8,3af8e1f3e7c95e77a76e30be6e1eeec2b63fda9bcc62039ae9fea7846beb0463,DONOR_UNSEEN_ONLY,6,True,False
662,Q04,62,ENSG00000177463,NR2C2,2,NR2C2-1+NR2C2-2,True,NR2C2,True,True,NR2C2,True,True,a940d372884f044d46a64de8be5667913d4a85471e328aec9b79ef6a73ae9117,8cde857ef17921802d340c19466a83375ba31413bef5929e1a64748d1852d967,26e33625111ec0372cdbe7bf8279bb353ea712cf27aa54b7445ad7b1fdda13b5,5995a8b7db781f197f3aec9e086eb0f1d014f9e0bdded446b82a0728c4a45ee8,DONOR_UNSEEN_ONLY,6,True,False
663,Q04,63,ENSG00000159082,SYNJ1,2,SYNJ1-1+SYNJ1-2,True,SYNJ1,True,True,SYNJ1,True,True,d63ac551e7b56f89e1be97c16f26a21e2fbaa47fbf1b4e3ca3cdc86c9ece99f8,e9400895b963a0771eae328026992596617443530f232eccdaaf4ead14a406b4,26e4094b010a0e25d9778be10c9df75405a3ee3e979612d4094c1d895ea4d246,54cfd33dc96dd1eb0381c90e7fa9f8dd1613a04b268a90dd82099436b2f0cf61,DONOR_UNSEEN_ONLY,6,True,False
664,Q04,64,ENSG00000183048,SLC25A10,2,SLC25A10-1+SLC25A10-2,True,SLC25A10,True,True,SLC25A10,True,True,c5026b3fb86d8e76eae95a6725e55f521b8d285ca0dc2b565f4370776470d55e,d6a4ac8ab34b0c1c56e2813b3ed49a023c31de8d15f75847ebc7a38fb65c7353,26e564cc32fc755652abdfedf9d75ed95470cd5f8ebc6b5e604dea67697b774d,77076811f1411d5cab9123f8da70a5ee1b55d1773076b7f695756df977336c39,DONOR_UNSEEN_ONLY,6,True,False
665,Q04,65,ENSG00000118162,KPTN,2,KPTN-1+KPTN-2,True,KPTN,True,True,KPTN,True,True,3eb3b05475c263bbc533bcd67efbc2c461dac79128ba07884ab2a680d2f27a48,d99c00cc8c1407e65e29f3b7c407c49506d25ce832bf21e8e7116c1f25d7eadc,26e89f32048762097139f42230bc30cb1bd73db437c0700d25d4f765b0278364,3d829fbd41bb0323040ba68fa783ff58ea01244916516466be79b1bb7b0852ad,DONOR_UNSEEN_ONLY,6,True,False
666,Q04,66,ENSG00000100596,SPTLC2,2,SPTLC2-1+SPTLC2-2,True,SPTLC2,True,True,SPTLC2,True,True,f8467e873e532d8e65c4a5b0102994d4ae82d9ff06104d4d23b2a5f3dd05c032,66285bf27cedbbe980464af63c20e2f20e835fe7a7aac21dc8e294e86d9c2dbc,26e9ce27141f745711da5602d3f41de960f860ccf4c745292414ab74a8352317,da6b1b483189b26650c5c8bf37200639592f7936e8af09f684b59b302fa6b0b4,DONOR_UNSEEN_ONLY,6,True,False
667,Q04,67,ENSG00000179598,PLD6,2,PLD6-1+PLD6-2,True,PLD6,True,True,PLD6,True,True,71ceeab880fc667eefef98be35d74892923496cd1b244e2756aa479dc4138960,76d351c8bf3961ef0bbaf376990fe4db5db66fd1d21724fbdbc9caca16ce0094,26f7b8b7d4acbccbf117cba61a45bb175a18264f4f6741b48eb2e0632740905e,080ea9aee8460b39d0568f2cd798de5b7e04705d48613e223481ea9fb4acd847,COLUMN_UNSEEN,0,True,False
668,Q04,68,ENSG00000131015,ULBP2,2,ULBP2-1+ULBP2-2,True,ULBP2,True,True,ULBP2,True,True,2b64c32352ce5406cdccbc0e5d9eb2cfdeb8c21b757c21d36c18a648f6b7ef1c,b138b38fa7d183f83af3c2311571bcec5570be709e77a7d9382b95b9ad39119a,26f7d43b4339877f7c046e39d956e33f61fe897bd1edb78c56040c05a49a86b3,0fe8baf48b9950fe4df633750dc9f89bf74aafb28f5c3a48bcbf7181a47b09ac,COLUMN_UNSEEN,0,True,False
669,Q04,69,ENSG00000161217,PCYT1A,2,PCYT1A-1+PCYT1A-2,True,PCYT1A,True,True,PCYT1A,True,True,af0b18cb93c3576cd0caa2f8456bbf64b1685af95218a5f36d7969cc44cac8c4,79c0c0958fe5e005b0fa634897e2ea94e47356d8aec732ff20780e1ce1a8e62f,272e82270e7ee8b09208b822cc9badbc9914915726feb8ed399bbdce8405cbe8,028abafd0ed9e6fb76b7009d77dfa827e6cf88809d4e37f700c42e86da2b6f97,COLUMN_UNSEEN,0,True,False
670,Q04,70,ENSG00000160185,UBASH3A,2,UBASH3A-1+UBASH3A-2,True,UBASH3A,True,True,UBASH3A,True,True,9840ff16e59d199c44707fcacb0d26a64d400983e5b9e77afd9370e08731bbc4,b38d907bba3750d90e023a2136e80e5f17aed8e777470f7271d9cc325e8b3094,272ed9342d197e077219ee50703595742b9a864b147068225569fd1e5ef3fbfc,38d4078d830b7a9edae1a5924fecead96ef558c9ff64cce23023d29c996223fc,DONOR_UNSEEN_ONLY,6,True,False
671,Q04,71,ENSG00000163961,RNF168,2,RNF168-1+RNF168-2,True,RNF168,True,True,RNF168,True,True,605a5a568fc328e119d2028dcb0872fe0e45a64bdfaf12a6d8cafb0c1271f4f2,af492a86462f81949b048dd6e5e85228d3fdff62831185300f0a1fc44848c6e0,2743b29c65e7390dfeafae90af9055506042cfa64d378a81f213ea8e1b4a9132,69d436c942ebf5583302306b8d2e0c379eb56914cc9c4161be58378b873938f7,DONOR_UNSEEN_ONLY,6,True,False
672,Q04,72,ENSG00000148908,RGS10,2,RGS10-1+RGS10-2,True,RGS10,True,True,RGS10,True,True,fb3279c7b7659777325c3429b89acdb361e42fc34d2c440d9a3018f026023def,ebe83457acfd8c7003a5ebf2858bb58901f7b595354497dbd1f063f29f24917c,2755878ac315f53dd5f7c1ff9dc5ed3af51918a4eac39534d34901cba938e198,ab57fefb5883c1665c7fd52f91763e64c2ac3eb97719db7ce16d13405427dc6b,DONOR_UNSEEN_ONLY,6,True,False
673,Q04,73,ENSG00000111728,ST8SIA1,2,ST8SIA1-1+ST8SIA1-2,True,ST8SIA1,True,True,ST8SIA1,True,True,19f8e747f506d191e637dd9e24c87e82ddd773104175de255d5a88f769a22d75,c5482b2e3e7da072d5456a7d0e31527dc35dc340db061004b2f418110154cb58,275f4ae7ec3a7777c0318629da514583d1c9886ea806e853fa3a9406733320ca,ec8b4f1ac95243b3cd21f0a224ba868c14f971fcc4f847616e609fb926aa3e27,DONOR_UNSEEN_ONLY,6,True,False
674,Q04,74,ENSG00000111652,COPS7A,2,COPS7A-1+COPS7A-2,True,COPS7A,True,True,COPS7A,True,True,23307e6890931f085752eeaf3cfa86221bffa9cb65aa717ba19db4dafe6f747d,91c90134a57e140f1a3f835bc276ce146b2b1f64d3c97c549b91e3f5bde50c21,27af0658f59944dc3e66d2ee93e1230d6db2f016918c6f77a47e6eb407a51902,e9f9f57e0fc2689ca1b5242cf77181f3bf978b906694b87abc8125b4a6b2cf73,DONOR_UNSEEN_ONLY,6,True,False
675,Q04,75,ENSG00000022567,SLC45A4,2,SLC45A4-1+SLC45A4-2,True,SLC45A4,True,True,SLC45A4,True,True,4aa151e28c68060d4b7e45dbae80dbbbb7458d44dba593d5371d4be963403766,7bc06561a6cdc81ddb7983915f10f06c2fac98d0739fdda8247c23d0c352d1ee,27b6d111fe71aac5293403ae09dd18f56bfc0e400b5ddff3b87fe5e058cd495a,4978a7f302a05749e4fc774915b8bbe86eb78a9c4dcd3529f9fb4374c580b526,DONOR_UNSEEN_ONLY,6,True,False
676,Q04,76,ENSG00000106070,GRB10,2,GRB10-1+GRB10-2,True,GRB10,True,True,GRB10,True,True,8ef4d353ae42ab0106d7da1d4e99e2fd1f833750c7874c789d9f0868c6b878a0,cb253dc133bfc8de52fd437d212eb6bd0810fe705aed499cda7e3212aa090701,27be8546a8e9abd58bda184bd7f3b5789ba13fdbb064630f7a38f626c1e99e9c,a0542f1c188bfb2036a7446dd33b01dbe9f19e243a6bd9134fa679bc4066765e,DONOR_UNSEEN_ONLY,6,True,False
677,Q04,77,ENSG00000124406,ATP8A1,2,ATP8A1-1+ATP8A1-2,True,ATP8A1,True,True,ATP8A1,True,True,4067387487eeb5b8879b5f477c380f1edbb406cc232a75e9b7114e226097e248,33eb72c54eae64ef05c0ef793c6ee7709abc817e536ce95dfc465a6808860b07,27cf049b4a6877e34e52ce5c3928568fe326777b9d2554857af22416a9a2e18c,3f1b710789f5aab260cf6f9a5df08d98feb44f0e5d04f8c41d848c416a128ae9,DONOR_UNSEEN_ONLY,6,True,False
678,Q04,78,ENSG00000077713,SLC25A43,2,SLC25A43-1+SLC25A43-2,True,SLC25A43,True,True,SLC25A43,True,True,c7aab6a4b3e2ae0eed675475278a8410df8737432abef8792739ae33f906c7f3,84dfa6cd8d950d297901b04773e92934571c9d7d95d230cb1b7090e75e58ec01,27d4b6a6c1ca6419b1747ca728f6162a0e745dfac0c83b1b5ab25ae0f7764057,30ef0e629825c6fbc2ca9d74b5f2156d030ffcecf7cd6bafe6e8b0be36fa1342,DONOR_UNSEEN_ONLY,6,True,False
679,Q04,79,ENSG00000007350,TKTL1,2,TKTL1-1+TKTL1-2,True,TKTL1,True,True,TKTL1,True,True,820ecbe07dfe05376b951638f905e26eb655a3f75372bdc2f6c0a6b96019a5cd,689b5a91e9c160464a259fd3ce749aade259ac3c4ee119f6bd6e2f52e8787ff6,27d91032e19000a0b846f70fcc0964feb2c2c52fbb4876c3d788c1e1863ea4a6,6442c041e3e1e10b5b68afa0d700a8350880287fcbf57b66b52ce42dd0430865,DONOR_UNSEEN_ONLY,6,True,False
680,Q04,80,ENSG00000106993,CDC37L1,2,CDC37L1-1+CDC37L1-2,True,CDC37L1,True,True,CDC37L1,True,True,0926b411b9b714c0c1ff4472e3ee80421b98a67dbfd90008c8ee6f7d538eb2e8,ebcc6046da8594a417875ac22bc741fbab95f885465dc59a3322ad0dfaf6cbf3,27e0cbfb2e2eecfed8d0cd105dd0581a8384b365ca214a1e36762641109d5156,7241d0035c445110779453bd3cf078607bf019cf168c2e3ba832e013f6dc6db5,DONOR_UNSEEN_ONLY,6,True,False
681,Q04,81,ENSG00000139800,ZIC5,2,ZIC5-1+ZIC5-2,True,ZIC5,True,True,ZIC5,True,True,96fc7667aa64be6e9ec645913bf9f39f4a8c967bcae1fbe5452a742328b3c64d,95b07c09ff1b2625a9933d986e34ea284ca276a595c77f932407e6830dca2c0c,27e90efa4f6664609ec1d649c5fff9e48777b02c9c3e512ebce93b85d204354d,89b8e4bc069a6105ff6cf31cc8aa489aa64566e74564720ff7d29d9155c3451d,DONOR_UNSEEN_ONLY,6,True,False
682,Q04,82,ENSG00000101152,DNAJC5,2,DNAJC5-1+DNAJC5-2,True,DNAJC5,True,True,DNAJC5,True,True,c935a35dc6200b66441a9354c5577ffadb3772460e119839ee617513f8fc6264,1bf99505857d93f7024a8a5427e7f3318e30108fc50003f41c942567e62ca85b,27e94a01722b3b4675b5907309e13d17df2b1e4f206d468f85f53adb3c2a4af5,df90b4ce60069b77bd0e59970ae4a4ad5fa77eb9b94018768d081795c95494c0,DONOR_UNSEEN_ONLY,6,True,False
683,Q04,83,ENSG00000080007,DDX43,2,DDX43-1+DDX43-2,True,DDX43,True,True,DDX43,True,True,780faa61a14b76894cb5cc5983689fc8d413991d8c24b7cb6911d7185aa5e4a3,0b37c66281c2c7aafe7d44608da171924762da9209fe090d22949fba88fceee5,27ec7b2c6f9927a9e5c6a9c8136ca6dcadf8841c1a22e535106a0172d140adba,cdc2bd9af5e5e95e058ac044a88e739458d35ceb0fd9d84ba19dee7fac912ab2,DONOR_UNSEEN_ONLY,6,True,False
684,Q04,84,ENSG00000164116,GUCY1A1,2,GUCY1A1-1+GUCY1A1-2,True,GUCY1A1,True,True,GUCY1A1,True,True,7b86ee9ff25efde95f6a1aac892e32123ba75c42813e52791ca3c2475810df9c,a6a96b35bdb43b01996274c714a3bafb551b45b655c07870ac9010d7f44817c0,27f579e8b9e103b1d95db10ef571c408f8f523518e3b6d3da1f79c25352d7d3f,bb9242f3efdbaade54ab9ddade454c79f98199797e86a27e114ea048d996e0f8,DONOR_UNSEEN_ONLY,6,True,False
685,Q04,85,ENSG00000163900,TMEM41A,2,TMEM41A-1+TMEM41A-2,True,TMEM41A,True,True,TMEM41A,True,True,1bc705285d1b184e94b6edf73f22039f5d41dde78be23e4d516eeaa4c2671d87,854b4504968a71f118d3c3cad64425412311e222694f3c3f5ecdbee859695242,282765e08b4e99c07fc3c61d2583a6f26bf5765d6bd618f7e7557aaeba830746,91173383adea87e75f3bcebf7a60eda67ad84971515e798efffe0b60874e9b28,DONOR_UNSEEN_ONLY,6,True,False
686,Q04,86,ENSG00000035664,DAPK2,2,DAPK2-1+DAPK2-2,True,DAPK2,True,True,DAPK2,True,True,d808515370902bf6ab50e7c792f1bba1c2c872aaf231afa5e27df6295d2ef932,b62b56eafac53eb1a1a1729f117aa9dc26ef7d19971d5ba678ab98fa740e94d7,282ee13e5a7e3c3f66f194490cb2df7c656f108a86ea7d92a4477d35f88ea904,37d8dd55fa19698998090ec1367ede9450e1bfb9697c163b7b9b9a49cb2e911e,DONOR_UNSEEN_ONLY,6,True,False
687,Q04,87,ENSG00000106733,NMRK1,2,NMRK1-1+NMRK1-2,True,NMRK1,True,True,NMRK1,True,True,62ecbf1de11c16791affd55a1fe66fe4afe1612d8af0b80b4547c4b75dc2b4d6,d663035085de50a9ca32da50a09bdcaca1cfb578afa9d18145c470c615a2faf7,283204a96098efce4e91d0bc6219f4320b06a06d135e2267863dfd69e68f986f,036d9a7c78b4e764823fec8c90cc52d7c91c2b615c34cdb8c60d230594d2d6f4,COLUMN_UNSEEN,0,True,False
688,Q04,88,ENSG00000186470,BTN3A2,2,BTN3A2-1+BTN3A2-2,True,BTN3A2,True,True,BTN3A2,True,True,7eaaac334977f0f03796751bc96bf99abde7ea166b55ddc014d769295a639815,8cd9c26161de542926474278d6307c46f27aa4ff890256c208e1c9fc08e9c50d,286c977b32faec9329af9b64f5ae6cde397e4e09283e85a35a61eabd3fe4cd5a,bbaac99aac883019ac2df78e7517287405f6a44a7e91f157e694520baadeef03,DONOR_UNSEEN_ONLY,6,True,False
689,Q04,89,ENSG00000204520,MICA,2,MICA-1+MICA-2,True,MICA,True,True,MICA,True,True,c88e5f68691e9c065b87b472907ce32811efa1cfc7ec0d472b00ea9bc9ec6a82,ec08a57515861fcde9a45c5be125c8df810cfb52b55f96d5b3bc730e8e86784f,28734c5940d8aaed5a70d86baa7217389a3fea69ae9d7eb458305c07baaada7f,79bdeae2c8e7c58fb7ad921afddcb5306ae8e44dd3a53908b7fb4d022494b79c,DONOR_UNSEEN_ONLY,6,True,False
690,Q04,90,ENSG00000113555,PCDH12,2,PCDH12-1+PCDH12-2,True,PCDH12,True,True,PCDH12,True,True,85ca10a68560df6c286939333a7c03090a50e8b0e671a89c34edb5a7f7620ee8,5518748c0938530cb4d61d496c16e2e4a9b57ca364c7100ec5fdfd56bd87b61f,2880d9749c7eccd411da99743b2e5ce9bd9f6d1df600895059dd20f1d7f2027d,1c32ffbc26e5d1f86f5869b75ab626408c218f57ae3bceae63699b3a6b1a0f30,COLUMN_UNSEEN,0,True,False
691,Q04,91,ENSG00000215375,MYL5,2,MYL5-1+MYL5-2,True,MYL5,True,True,MYL5,True,True,7de95fde5ae31840fa95192a22539223ac0e75751a1d734194e5b3ba990a1511,4dac60973bbd2d5e9dd76eadd143124518a0bc38547dbcf507feba6a487317b8,28969898258e6cb86e99fa82a587a29239d74cd10b5063b0dc9374ea056f8e44,08b30a01e38b0b6b615b120c9e96775a30a3943f49be9c7fe2823f75fa4beece,COLUMN_UNSEEN,0,True,False
692,Q04,92,ENSG00000240303,ACAD11,2,ACAD11-1+ACAD11-2,True,ACAD11,True,True,ACAD11,True,True,16710aeac8c450d21ce6b784f313191086366b30e77d47ffa6aebac7601797a3,4e912a34db0858c0d79fbf4866839b85f882e6369696baa95eebf8c23abb3540,28da53d181c4d66954f8574a388054271124ddcc278ea9e3b73e167457b10f11,739ce5e55e40eb9b7e4cedbd17767e2187da969c80d06859ddd5b4a97c4fb23e,DONOR_UNSEEN_ONLY,6,True,False
693,Q04,93,ENSG00000196262,PPIA,2,PPIA-1+PPIA-2,True,PPIA,True,True,PPIA,True,True,456a9f7f583b84010c3a7a69b752a9c7a43b08324f863d943ceafb0123d03cc9,90e0f87ca7be10043155f0edff9a99e132b13c3bd9287387fd4ffdfbe6225d6c,28df0010ce706185525fa7fa4d9f3cba169ab06d6bf547f7c54b41125fc70e5a,a94bbc5d902e9b5d426c368b0775c0f7e27bf768abc2a82551f59de639506fce,DONOR_UNSEEN_ONLY,6,True,False
694,Q04,94,ENSG00000151322,NPAS3,2,NPAS3-1+NPAS3-2,True,NPAS3,True,True,NPAS3,True,True,9e49555152f40e6cb3d32cddd464e0f3104d42855fe87a93d13c1a2fb77eabf1,6a6e3126d48fb063980ad02d6f3454ea05670797dd44f11065b3e12ed5e34e61,293fbad006578401471424406284e6c48c40d379dd0b5f4713ecf0ea7a4fc72a,7d192f9e300ccd0e2f66003138d2428bf0375556c04b68827163ea89af93c800,DONOR_UNSEEN_ONLY,6,True,False
695,Q04,95,ENSG00000120913,PDLIM2,2,PDLIM2-1+PDLIM2-2,True,PDLIM2,True,True,PDLIM2,True,True,aa660cbf1ef83e6a638f74f20f1d6d14ecdddbe4599e03db4ecda3723d17bf07,4d107cdf2d8e395aa45f20185f34815584d9411ea4e4cd8fcdbd919cb581d79a,2943f10c19d44e81d3e26c4691d0d3a9524a074ecc59a1ad28aa4b880e11895d,a0d4255f66e0ce1191923ba0524bc67e2b237fc0464374e08d530c09dd565cd7,DONOR_UNSEEN_ONLY,6,True,False
696,Q04,96,ENSG00000136213,CHST12,2,CHST12-1+CHST12-2,True,CHST12,True,True,CHST12,True,True,1825f99d7bfa3f9b6e77284d6bab66ec834e90892d537f794ed1d6185ea5a632,b2754af06c6f1ae7663590082d9588298027c6efb54fa6b54f62439f142b8da7,29557cdfc9d458aba941b163b1301abe7800b9b26e31c2b83bcbadb3246ab52d,16f432884228623c7cf1ec83e54dab089a53665ee2a421d00960e1fce8c4b54b,COLUMN_UNSEEN,0,True,False
697,Q04,97,ENSG00000106952,TNFSF8,2,TNFSF8-1+TNFSF8-2,True,TNFSF8,True,True,TNFSF8,True,True,5180f184cb86f02983b8123afc6de24715a56066429be6e684cbe6facd73ca65,d270cd81ee000fa005b113bbdef3f0b9cafe94d90bb084fc2f4438b3b211b19c,295670c0202399f19ceafa3d27627016cc35ffbb5ac37f04bcda2a56e101eed2,f6a83b99321024d81b18b7a4d92dcdbc83b08758a3db571f64f417adcdee8ccd,DONOR_UNSEEN_ONLY,6,True,False
698,Q04,98,ENSG00000120963,ZNF706,2,ZNF706-1+ZNF706-2,True,ZNF706,True,True,ZNF706,True,True,497b39b939a6fbf5bfcb32d6ab0d692142a007bfe25293aa9389d31228f29c14,61160d5d9cda43386df541dc1877e03d11197d6434a68972a099c2a90518eba4,296c331fc1a89cfa4759494b273ec366b99c29ac4a09ebf222335349f3030354,8b63b433464547e4f04ab95124e4a794b36d4e7cca97c19d23f88c4c62b68a78,DONOR_UNSEEN_ONLY,6,True,False
699,Q04,99,ENSG00000050165,DKK3,2,DKK3-1+DKK3-2,True,DKK3,True,True,DKK3,True,True,efb38fd6fe6e61c503bdc2a7a4a9f5781d00900bbed6674884021752d508fc05,b270f752929f9d479ab9ea245db263ecf862dcf8db3df418cbf64ed92e351373,29897b86614f46b81471d3cd49a0094c213f12adca8ddf932a4924cfb63d9ed5,10fecb8b37d4b41cdb471703281034681ca2c5e80076aee8b420902d25922b52,COLUMN_UNSEEN,0,True,False
700,Q04,100,ENSG00000133574,GIMAP4,2,GIMAP4-1+GIMAP4-2,True,GIMAP4,True,True,GIMAP4,True,True,bade74374ddf38969764b6fd8c0ce5297b009d3d7026280a9315205e8697c640,12ab621bdf57e735b81382e1f642f2439f169f24770cf5898f6f5a23a4eae83a,2993badd6b9c08ff180f8f4dfedb56aecc84711673b59446ddaab5c381fd642e,48840f04de0fa12acd866069e62b9e6be6be0723ab376fd62a84f82f35a89e90,DONOR_UNSEEN_ONLY,6,True,False
701,Q04,101,ENSG00000170113,NIPA1,2,NIPA1-1+NIPA1-2,True,NIPA1,True,True,NIPA1,True,True,b46a52932dd334a9aae75852e96626214d9105755e0e20b722bc52a049e22355,f31c8f3e3c5cbebb32957a9c07ecade08a76842ae09c3f2a37b99082da36cb33,2995aa4b950f0acaa04e174e82217ff52c365b111146958d202ca33cc42e91fd,04a1d3c453674ad580918a59016be7ef65e9aeed06b0bb5afa1846588d3d6df0,COLUMN_UNSEEN,0,True,False
702,Q04,102,ENSG00000205808,PLPP6,2,PLPP6-1+PLPP6-2,True,PLPP6,True,True,PLPP6,True,True,2bc49e8ca9b8059b364b16cfdf9170aa396fec574e62020257699ac07cfc1910,186d0765066b16efc8668b2a8c03eb52f43b94b56ee36574d22bbd40c49bc87a,29cad25115f4ff7afc23b6ce814f8647fcf579a44670b467e38d4e584ce8bcf0,f2acada57bf374bb4b0760ab0c1be69bf33f1568859e03b7991a3fbaecb5d110,DONOR_UNSEEN_ONLY,6,True,False
703,Q04,103,ENSG00000173762,CD7,2,CD7-1+CD7-2,True,CD7,True,True,CD7,True,True,742bd753d89e085ad704975a7305dc002f0baad6bd254105f200798b9ea30956,6033c16e27484de2384694adfe6823e176b531447b783a78d17bc76513053972,29f67a47f1903e62e553110791a59b457af94f213aadac36589f33d577641d9f,f95ab4f9e92ad9aa15cbffb0bf8889f24457531ea5328da0ed600c9f87a9ef92,DONOR_UNSEEN_ONLY,6,True,False
704,Q04,104,ENSG00000213413,PVRIG,2,PVRIG-1+PVRIG-2,True,PVRIG,True,True,PVRIG,True,True,24f16415821f7725ee63709e28becf75b5a516606e14f9384b76fc08816a71cf,3ebe0544da7eace74a55f3d00747f8c84e836ab22bb2a6ecb35596cb827e4347,2a063dd07c8fe24d7789f3342f3fcfce4b39149ed0317217ae1128302e46e2fc,57c27ad3617d267906a6d347866f2cc9021fcb22534b951e4de9af8cbd767f98,DONOR_UNSEEN_ONLY,6,True,False
705,Q04,105,ENSG00000167635,ZNF146,2,ZNF146-1+ZNF146-2,True,ZNF146,True,True,ZNF146,True,True,b53a8898f6071d066692f2b7d7143ceb90482e47f3adfbde99fa45729257d710,85de1e6b97abaee0bf9c47dab84d8342b9d92c68f67a4256e06537fc22bdc15f,2a09fbbff21b4c36966f168fbad5c501a68f1356ca62763a3843db20d6bdfe7f,f702c6133404067faa0c685afc01728cdf6f40d46fb1798069bbecd7cd7db1f8,DONOR_UNSEEN_ONLY,6,True,False
706,Q04,106,ENSG00000164077,MON1A,2,MON1A-1+MON1A-2,True,MON1A,True,True,MON1A,True,True,d9426872ba5ed41e89bbb2f3d8d7e8c6f15946af3bbfce5f32381d73fe0b49e8,896331fd0b818ba4c1442dc3b81ec6a03597e8d7f898a3d9d172ba750bbb034b,2a0acac14e2b61c57b060c480cc17f8c8b3063a32185ef77c46b749eafd9ab61,8e6244ac66eaaf706c4c321c93ceb990b9f94a895bca457e8b6fde2d3f025418,DONOR_UNSEEN_ONLY,6,True,False
707,Q04,107,ENSG00000141753,IGFBP4,2,IGFBP4-1+IGFBP4-2,True,IGFBP4,True,True,IGFBP4,True,True,0bef8ea5844017df49590381d1af9d15f74c7edd27b4d547e173aea1928d4850,217e4a5a63b861a3fb223555ec5bee2e99c3addbd3f8f78162f675de4f2ef353,2a0d8d139045b5e6b715b66f555ddf7491c43744052dda574de75b21be67fd27,38afb07f412d014c0954dba2e6519267de98a680ba8f86a9c20eb48e379db691,DONOR_UNSEEN_ONLY,6,True,False
708,Q04,108,ENSG00000005189,REXO5,2,REXO5-1+REXO5-2,True,REXO5,True,True,REXO5,True,True,a6688ead288771fa25ab72d8c14844e55b8f157aea71e0887f5c091811b7388d,1ca88f4f3ab22fd25852252db1340b1faef2f3c272b6129b71c19c09fac1151a,2a125a93fb4827d762244092b8a9c927d1820fdcd731bd4dc789949a7b4eca0b,20eb6da24ea42e1eb00ddb11aa476cfcff2f1b1f1f62711786bdea07b97b73ac,COLUMN_UNSEEN,0,True,False
709,Q04,109,ENSG00000197971,MBP,2,MBP-1+MBP-2,True,MBP,True,True,MBP,True,True,1699fdc0820efb476bdd695204fb214fd4ced497000f9b820d65198bad0f8c6a,147d036b14e23495f3a5fe4ce902dae2a5ad9acf6320070ce2d784061cd5bb17,2a20df5a7c434da6e3a43fd818248a78ccc8708ef564bf6823a564b34f0e8b0b,0fe176d6a79e4b69d48af1bd5f8318a9d178c3a2a04d106305c7de7565c3aefe,COLUMN_UNSEEN,0,True,False
710,Q04,110,ENSG00000107897,ACBD5,2,ACBD5-1+ACBD5-2,True,ACBD5,True,True,ACBD5,True,True,c882152b97e533fc53b70134bfcd5a4e0beb38f965ec9fc2e8aa49a0a4433ba9,f6b4658e7d321832c1a18872d3c83ca4920e45145abc655c3cce4beb6ed5d530,2a2d32f1e7a39c48955bd29151ac506569eb7bd58a5f85984b6cd94f453c7a7f,b38e8fba9307afce79f4fc0858cb35353168bf8d1dea06ad500e1b02fd20d5a2,DONOR_UNSEEN_ONLY,6,True,False
711,Q04,111,ENSG00000099326,MZF1,2,MZF1-1+MZF1-2,True,MZF1,True,True,MZF1,True,True,10e8ad8e1d63968c2e5b447b99761afa105f510574b2b0b6ff231b6ea54f446a,cba26d7d10148d3b27aedfa36fc20e3e596b7f98a52bf0670060800d36449eda,2a5672417566b78eed5b1b5058687ae937ada970c1e5dd80aca605581aa43440,9c143f85bc1b39af52ebe9e66bb6852ef1893e20756ea0b7e95519ffde819a17,DONOR_UNSEEN_ONLY,6,True,False
712,Q04,112,ENSG00000187118,CMC1,2,CMC1-1+CMC1-2,True,CMC1,True,True,CMC1,True,True,873ef95fdfedd66e979e320004960c9fc779af2b657ecddf30ada0bc385770ee,b41c4e7fcf2341c0c560f0f8866114f19448a57762fc84d7baccac169278fd6a,2a6d0c1b28ad4c02f48e4c16f0d5566631fc5e287d7e3b1400e1f053f72e062d,96af8b8d5a149135b149b582729045c743a8f032384d921976f02ccb78b6dfa5,DONOR_UNSEEN_ONLY,6,True,False
713,Q04,113,ENSG00000167083,GNGT2,2,GNGT2-1+GNGT2-2,True,GNGT2,True,True,GNGT2,True,True,7d9023789360220208371d0dc4b8059e5131a95300adce6353ee3d2f97fc1d43,3d7f337dcb36f47485f190c00dc462925a9efb5c47457639437d8e7a1caad8d5,2a8f6687ecb43b38b1c6b8c7d319b3720027bd90048a8e4fefeadcace779a8b9,90b22f241425c5fa9ee37a8d5a2dbd5227ef69f19def1cf509a17ef6be832f5f,DONOR_UNSEEN_ONLY,6,True,False
714,Q04,114,ENSG00000143869,GDF7,2,GDF7-1+GDF7-2,True,GDF7,True,True,GDF7,True,True,c5009e39f3073e3c81153bf690751fbb0c8e5f17fe91c79bccf633dfe69bbc7f,960dbabb9ae19e1a5b8a643234086d038a28f076c14ae2f0d1b0b0d97742f56c,2a921220cadd9aeafa2b41a7fc7fcd9b5010a0c40bc820e6b8e7f5cbf2ece978,5b02c943ebfceb16fb1adb5199081e9a62bea349dfc2c82d950d453f2bf7cbaf,DONOR_UNSEEN_ONLY,6,True,False
715,Q04,115,ENSG00000111885,MAN1A1,2,MAN1A1-1+MAN1A1-2,True,MAN1A1,True,True,MAN1A1,True,True,d62115975092624d479367b407d478840c3ae8d77d91d7f62178bca5964b6530,73d4c936e7c29fad5bad762152b707b11b002a7086cd2065cf5c76fa91e2205d,2a968411519cdf64f361d142ed9c925c5cfd83c337d2273639656c42bf58f505,482d0f606fb350db272214143bdf17e78d45843c22d3bbdfad7f71a5bd96787e,DONOR_UNSEEN_ONLY,6,True,False
716,Q04,116,ENSG00000169856,ONECUT1,2,ONECUT1-1+ONECUT1-2,True,ONECUT1,True,True,ONECUT1,True,True,939549f0a9e77f8a54d26e1149354e14b322a2d41621359fd99d988ac5931659,54d31b1f59332b9ead49e69595f249f2dc70b28527917b8a59f453668e20ce16,2aa88319d2d5bca51ed505edc85cdee18039cdfc7028d3ca4f287a31af66b43b,48fe1765b4050d3955f711354f3ee6b870d14bb6bcdf85d877300396968408f1,DONOR_UNSEEN_ONLY,6,True,False
717,Q04,117,ENSG00000106003,LFNG,2,LFNG-1+LFNG-2,True,LFNG,True,True,LFNG,True,True,ff98356445c38917dc2e3cae76c25e2179ade2f04b733c0ffd6e717cdd127da4,bedb1afa8c964aae32fe2af7c0073d42436c2beccbe37150649ea7d5229ffcc6,2aacf520e4853ac9d553bd69a7daa69d9fd21ccabfbfcaabf9a700fbbc37fcd9,381d1a5b9e7908e3ce6d022a8c3411fb3b2934482eff92b3ab44faed2307f4fb,DONOR_UNSEEN_ONLY,6,True,False
718,Q04,118,ENSG00000142694,EVA1B,2,EVA1B-1+EVA1B-2,True,EVA1B,True,True,EVA1B,True,True,5e27839f8af23436a02e1bb6f66f34e5b2d936a396d5bd42726c6f372c8f598c,51326f59043d24c173019366bd9c8c87fef6a8e1b9c3faa6d73640420a91b86f,2ab1d40a41e58045215c80f740c58a95d1fb635d99f3e8347a84f3a43f947a36,ee824bbdf9c1713be6778bc662c0ca9469a38003ebefd740dc72f93a28331394,DONOR_UNSEEN_ONLY,6,True,False
719,Q04,119,ENSG00000164404,GDF9,2,GDF9-1+GDF9-2,True,GDF9,True,True,GDF9,True,True,604a566138f9ff8da3a7251714770f0b15e21e138d5d84aa97cfb92666e5f0a1,55f3be8bdb320d7a68dea39346d4a22077a409a294481e0f90cdb5a98246c6aa,2ab47201671019c265f5ad32604bcde8aaa6bf740d433db7daae332ac22f26cf,85f24ce8c8a24b4b9a645fcf64adadd74610fa0d58653e5469c37209be3fd2cb,DONOR_UNSEEN_ONLY,6,True,False
720,Q04,120,ENSG00000165983,PTER,2,PTER-1+PTER-2,True,PTER,True,True,PTER,True,True,eb5077a61c4851eaffd14826d9d09d41234394a7709e35e04d111a4eff5912d6,a1666e37d358cba688a27dc144aa97e23eebd399bd435027b7b45179c6ff71c5,2ad47d97b080127815e45697828527f754664279828650010b1b25f4b7427c46,353864fca03da1df73ecec7ce4ba0413cb29bfb9720f58aae6a7492d5b42e3ff,DONOR_UNSEEN_ONLY,6,True,False
721,Q04,121,ENSG00000096063,SRPK1,2,SRPK1-1+SRPK1-2,True,SRPK1,True,True,SRPK1,True,True,6ca8fda524313f982672f2b770073b9f5ac76f5ec6ce447e892b00d5493c1ed6,5410c19c4c94271dd2c33cb9ca22c9bd30d943afa551127692c386f7437ef94b,2aec39d461ea9c29f479041766bf4b16e30550925922818d3ed95594d481dd2f,ef2f2a2189e7aa63b5793650ec8b4c0080d310f78c511cf2ac01fe39b330758f,DONOR_UNSEEN_ONLY,6,True,False
722,Q04,122,ENSG00000197785,ATAD3A,2,ATAD3A-1+ATAD3A-2,True,ATAD3A,True,True,ATAD3A,True,True,cb87bb0a5d2834b0ad6e1c9388ea47b3cbb216e8d4c1b0a6c3d2769992d18436,98103aad1f28accfd12e2365d99cd2e92341f941e5924cb73767c65278ddf753,2af29d3ee3bca8dd8f5cbe16ef0928e94004d70d895cafba7019a8ecd375828a,6046372480ddaa6989109c7e4007848f35caf9f4a2328a2c92c3a987e81ec6fe,DONOR_UNSEEN_ONLY,6,True,False
723,Q04,123,ENSG00000080822,CLDND1,2,CLDND1-1+CLDND1-2,True,CLDND1,True,True,CLDND1,True,True,dc5b2a7242b539539c647de581b0622093b8edada073ac02bb57393bda6a2192,13cab0ec665d457491b741d613d2b8d857a083b7dfc603f93853845974a95e29,2b10817eeec1d0ec9a4e55235eac88b9fbf85a79de11ee4802bf83f98c1ef4ef,2fd3b574baa2e5b33f5ef7b6e216d5609c0d1562ccff4ad88a886b1fe95ae334,COLUMN_UNSEEN,0,True,False
724,Q04,124,ENSG00000049768,FOXP3,2,FOXP3-1+FOXP3-2,True,FOXP3,True,True,FOXP3,True,True,693b7044ef5d823d437b3c2e6af0b2152c86b827f135322bd19e4a32bb487fc4,fae970a9ff61f6609dd7bfa7ffc5b40b7cf3206d40106316d99d00bf96be2cea,2b1ca9e6efa65d2df58eacc59d5f7f44b6d125cf9d506b4aa7b9826c080bc738,47b9492a899f8dfb37b1183a4f30796e52b98b80eb5881aa565729038d686f2a,DONOR_UNSEEN_ONLY,6,True,False
725,Q04,125,ENSG00000197892,KIF13B,2,KIF13B-1+KIF13B-2,True,KIF13B,True,True,KIF13B,True,True,ef477897258dc3bb9a642fc3d8dd0f506a6f512a0fb7a44a85cd7989c1bfe45f,c4384c127273e927e95977ed488b3f832ae8cd6cba6e3d8d4653012931b6ad82,2b1da92e04cdfde147eaafc062b5fb87f793472d50ce2e0a1e9539ba99d0310a,d49deb12e22a7c919d12983c37c598ea28a83a6d62669d2326dedeb8f9284106,DONOR_UNSEEN_ONLY,6,True,False
726,Q04,126,ENSG00000157181,ODR4,2,ODR4-1+ODR4-2,True,ODR4,True,True,ODR4,True,True,b224173e738c72b271a0d12720aee89d3ddb7c43fb0abef48a932e44745ee69c,0d22f90088feaec42654c5d86f7984c9ea007b331d831e65099d4998e1dbede5,2b1deeff8bddabf91f0155f9102e07ced27131f7d342585339cddccd5b88b993,33664bc0cfd5fbec489c5d7c82675fb96f19cff4f2eec40151f06c21c532aef7,DONOR_UNSEEN_ONLY,6,True,False
727,Q04,127,ENSG00000180376,CCDC66,2,CCDC66-1+CCDC66-2,True,CCDC66,True,True,CCDC66,True,True,111aa1b8825ba09a4f4891b1c34d3b1431de42f4ae33ed6f427ab28bfe380a19,327f5754d2d86fc5ee8cb9a6eec8ab0592bf76d34dabb6f1581693dee5f1d8b8,2b2d4b03c290bb07052046e8bb0c9a0ceee2831c1c381a2e5c4091138dffe4fd,723144dbb642eadc6f47f68c83c41cd7b2bbfc63cb5713b8189ce35551f504d9,DONOR_UNSEEN_ONLY,6,True,False
728,Q04,128,ENSG00000054983,GALC,2,GALC-1+GALC-2,True,GALC,True,True,GALC,True,True,63a64a90f484a96c1969743e37a99dea7d5de5a0b2753b209d5ad0bd229eb143,8761dba33e104f48304cf34017d447242a46e189f6e43a6acd1aa8cbfe22d5b1,2b5d4a94d2d01de3a0b00c4bfe223d7d049450716d4bba0cd9482f1898b12c27,815c1ca232e18b1a364041f57fc813d08745f38d74bba5dc6eb47caf3c0b9b1b,DONOR_UNSEEN_ONLY,6,True,False
729,Q04,129,ENSG00000143776,CDC42BPA,2,CDC42BPA-1+CDC42BPA-2,True,CDC42BPA,True,True,CDC42BPA,True,True,8919bb9626336955775885abd12b3dedddce13422d1b4c9bfde2cf91438ff512,2651f02a40c635c301a81921fcce8d232723f1622157ba969ab22ac68d9fe1e5,2b88041060b71210b925bedfc8702f0d09c96f5cef9556eab139d6150d70a5e0,92ec41f05f7b6f04ee70b134c30dc040e9df2f3a754672255f4319802fcdc239,DONOR_UNSEEN_ONLY,6,True,False
730,Q04,130,ENSG00000144815,NXPE3,2,NXPE3-1+NXPE3-2,True,NXPE3,True,True,NXPE3,True,True,178b9fc5c54c15dfd25a8c6fe6bd0c3775f99be8757ebb0db230ffd919f18778,36a3c5d488e3e3d66250d6b9fcd7073664516be2a716624a1c03017e71588c4f,2b9a2c11e06f4960633e79d51d59b5e9f7ee57cf2fb9a20fda1746254d62b651,e387ee5f61ffd39fb8cf7ac791e73a034768ef8529c2510ad7e41a482fed61fd,DONOR_UNSEEN_ONLY,6,True,False
731,Q04,131,ENSG00000105205,CLC,2,CLC-1+CLC-2,True,CLC,True,True,CLC,True,True,17de5b203871c384959103c0c85a515c5247d140a5f0c5363bb4768d0c5df645,ee9a013c3e1223a10e0110ae9874260e68536a60be95047d06ef30b15bd44249,2bab5696b176bdb7fdd5988ec8bd0fffebad5f6b1d36dfede2ebc715915bdeda,006ecd12972f550ac47423a73edaba2c099a9cbd04dd741deb0b736c8a268176,COLUMN_UNSEEN,0,True,False
732,Q04,132,ENSG00000112139,MDGA1,2,MDGA1-1+MDGA1-2,True,MDGA1,True,True,MDGA1,True,True,3a331754d328a8e21f1e0ec6843319bbc3fe320929b7ef6c9b9fd0fe5d8b514a,b5d6a85cb914e6758480c2a4bbe55e82607907a11329efc27f27013d6b21c2d1,2bbc06d54de619934c24a1ba502aaa0d3bebe06a8883b31397d06b76902e2d5a,efd9d892155d5c0af4cfbf0e2132f47a42003d5051b1967a7278305a5681b7fd,DONOR_UNSEEN_ONLY,6,True,False
733,Q04,133,ENSG00000006638,TBXA2R,2,TBXA2R-1+TBXA2R-2,True,TBXA2R,True,True,TBXA2R,True,True,ee753d15d0acbda3c099b0eaa9a2a5277b59d5e310069fe62a4fb1d84d7afbdf,6763db7f0a681ad9e3c2ae6e24fdcc57dd28b4d302ee439d9af1934bfc04cbdc,2bdcc4a8933bea3c179c90960a940c3f4eea5ef9b8f93db15bbbed59e007cdb9,27df9f07871cdde4661f05b0ed492af0960d7f54cc03d916ad17650c67163330,COLUMN_UNSEEN,0,True,False
734,Q04,134,ENSG00000181873,IBA57,2,IBA57-1+IBA57-2,True,IBA57,True,True,IBA57,True,True,94d14ee96d5f442e8027f55b1fc73936376f9f1d86a334182c14c0291bfedcee,217af78088846240f90d6d69fdad70d0f573e88141e226dba46c9fefa4d851a4,2bead662946ab3430a606f410e0269b5b85f27e3e7a379487a44ce77c3e3f794,eeaecb34a717f272a7bfdc4d9eb15d659ad74301a26ee20f2625d02ee97497ed,DONOR_UNSEEN_ONLY,6,True,False
735,Q04,135,ENSG00000177951,BET1L,2,BET1L-1+BET1L-2,True,BET1L,True,True,BET1L,True,True,698f0b0d65bc2c51bc598f402485f45945f0d1696612a079942d48ca8a86de78,8171c6d775c6837cfe884d0f665c242cf846e57d330a97480e51d772d595d625,2bfdf5becf4fbbcc71fc044a1da487fd6f923176f2e16d06897d0bd3eca9f8c1,24233b72c8bb727e210e5be01090dcb61b4691816a5724cf5d49b8a51fdfb08c,COLUMN_UNSEEN,0,True,False
736,Q04,136,ENSG00000095932,SMIM24,2,SMIM24-1+SMIM24-2,True,SMIM24,True,True,SMIM24,True,True,72b1de26e2dcb10d6a050f0146867d7e6836bc572d4fa64678a1915f45947b4d,298cee281abb401c765adc72f7ace6d8b22d5a8384ac76c31a835207a5f947ef,2c0c21246d117cb2ca85956fb4146497ebc280dd4e0fc99e8ffd0332f4c6f8a0,453727d748590ee589bc2bbfa2a52afbf976d4fc58271e96e1c4af32e4b1422b,DONOR_UNSEEN_ONLY,6,True,False
737,Q04,137,ENSG00000013364,MVP,2,MVP-1+MVP-2,True,MVP,True,True,MVP,True,True,cbfe348a585ed079c1f8ffc44a52536c2616ccaf91fd97f7f28a4be84e66340f,e7cb880d01ff6dce269abac0bb6ecead88c7663a83d0911a5e224e4163ebad19,2c0f51ce28f2b4129a471fa0255185b6dd5dc2007d313dca3520b2aa3f487e00,003b0e5d497d0e17eef84e1fe9df1036d5e6b761bdb42033b01a6682a698f324,COLUMN_UNSEEN,0,True,False
738,Q04,138,ENSG00000151729,SLC25A4,2,SLC25A4-1+SLC25A4-2,True,SLC25A4,True,True,SLC25A4,True,True,b0c48c45c1e703d767758a49211ba90f76a8bea17f58708d90213404b4a0b006,ad16d2f9b7759cde08c3071c9dcf5f98f65ca6d26c3d278ef8545b528a6c7fc3,2c2525b587f53acf2d15f56542f54c1216d64f529becdcd1d5281a4b31cef713,cb9cf2ad066c8c6df117062d31d62c4a110b729721f6ee2c317db8fe376266c9,DONOR_UNSEEN_ONLY,6,True,False
739,Q04,139,ENSG00000149187,CELF1,2,CELF1-1+CELF1-2,True,CELF1,True,True,CELF1,True,True,bf2d8d9bf6c6b9e992e9eb6fcf887b8a80b44c1ac9bf7dc400df0c7814d73334,4189f545193d5cf0c6ffce96dab441c29eed47edd41d55b78c094a5b2c59eba1,2c25ca719b7173bf7623aa857ae9a437c2277418bb2f10308c4060ac1f48d133,cf95b7e938117685b04c1bd33cb37ff685948ab26bf081fcd2338398a45de4f1,DONOR_UNSEEN_ONLY,6,True,False
740,Q04,140,ENSG00000109189,USP46,2,USP46-1+USP46-2,True,USP46,True,True,USP46,True,True,ff5bc349b20f1ceb9e51f5d40b0183034ff826336da87e15d40b8a02e20b0a51,d486eac6d146645e5c6aba01577eb745f4dff16c02b53209ecf2b7093b7d4f17,2c35b66473e97e8d045898a96f916d35f76e4dd5899d193ece44cacc1fa3c243,c1553cf2b2bb1e638d5b3d458a252232cf570d64a0b34f0910d5cb20741900a4,DONOR_UNSEEN_ONLY,6,True,False
741,Q04,141,ENSG00000132254,ARFIP2,2,ARFIP2-1+ARFIP2-2,True,ARFIP2,True,True,ARFIP2,True,True,6255a58146b56b6c1e2ad40781308954de4d8cbbced53ff00ca5169d38bf05f9,acd931a2e7b279732966122b411fc845e5ee262ba71ebabc21fb4665458f28af,2c4227716c444b56aeeeaf941fa5a3d8cf81bf7c1af75b838b4f3f94dd1cd0af,f6b8e2b166714370a28630e13fd9f3ebe04933ca743ec4228cadd4bbd2d1b5f9,DONOR_UNSEEN_ONLY,6,True,False
742,Q04,142,ENSG00000185507,IRF7,2,IRF7-1+IRF7-2,True,IRF7,True,True,IRF7,True,True,582b52f0ebb2301f17a0a0812a9124c8504a9288c75a3c160dc620fa134edf8e,0df578e919bb34d7f7cd5836ece6d9bfc7f0146b17115e5476f56f9f76ec13ec,2c5c444dd3d650f8e7a32a150196731f5e91cf763a993b7df332f6bbd6cb84df,873f837cd7af813d19c7167959c8a50962ae779a5d426163eee99bea18bcb5bc,DONOR_UNSEEN_ONLY,6,True,False
743,Q04,143,ENSG00000105186,ANKRD27,2,ANKRD27-1+ANKRD27-2,True,ANKRD27,True,True,ANKRD27,True,True,d02d2476e61f161f3f814ac74f2292979c701a37f44f82648833144de34ecd63,991d7eddfed0911faa4ec90c26f17efcfc4a3ac93546890f1ff9b05ed184af5b,2c6389c5464748911aac842366b47fd708c448f6207433ee59c376d05b171143,ee1940bccd2d9fe5dcf74791e18703bddcec38becb2baeb271f0de99ef7d9de5,DONOR_UNSEEN_ONLY,6,True,False
744,Q04,144,ENSG00000130939,UBE4B,2,UBE4B-1+UBE4B-2,True,UBE4B,True,True,UBE4B,True,True,d430926ca21500df615d89429567dc5505393c2d63e8b1aa1756014db3d04251,7b7dd861f4ffc587c9d7613f185cc390746a125aa6f9a1c37b0f8d2df1d6f715,2c6673261f4efebd18969ee5b7d30ce5c11e09e04f8499372800243d6a85302f,8e6bcebb2697e3159c579bf7035fbc99ade5e1800ab999bc639cac5fc15d1d31,DONOR_UNSEEN_ONLY,6,True,False
745,Q04,145,ENSG00000127528,KLF2,2,KLF2-1+KLF2-2,True,KLF2,True,True,KLF2,True,True,7aa81701fd0cf238b1d563be3f5296d6bb23af8a6fee058100a69a92e38f4c70,738bc27847279cf4677918e3f870595a72efaae6582fed889b90c4f379113174,2c87a6e5ad1a26813351ba9e7f36c4736eeae83626fa5137c85d53b557949133,69474a8615f7984f25e23d1bbf9eb7589ac27127cbb8575693f3835d9a94214f,DONOR_UNSEEN_ONLY,6,True,False
746,Q04,146,ENSG00000127951,FGL2,2,FGL2-1+FGL2-2,True,FGL2,True,True,FGL2,True,True,9ec1e876ecb84ef7c7292d77efc0b9f82f4e9d276531ce2e36fd1e6301b7d804,0e85a00d6c6e26afde409df15c4edeea6322aa17870d2319ff8073f4b567b5be,2c9e13cd30ac631bcbc308cb02733c52a70b8e959a3af2607bbf36c9a7a3dc6b,af1c444048fc677c4bb0ce88ff264c3def51ae93c97cf6cce60f13a023e5110e,DONOR_UNSEEN_ONLY,6,True,False
747,Q04,147,ENSG00000168748,CA7,2,CA7-1+CA7-2,True,CA7,True,True,CA7,True,True,af266c2a4ff1fc9200710437a3ae09d325ea941a6fad1b1d6b46e42eaf6f5422,0e6e777e4f20d70e891731a364526ea428924775d7085c22f3696aba7b8c5f39,2c9eef8142fef4ccadf59707eae404d807f692264146ddcb81a5d8e88a1d531c,4456cd6384fcb089dd08a32c4a81b132903f8f0e59561b4ef5818a00520bfdc4,DONOR_UNSEEN_ONLY,6,True,False
748,Q04,148,ENSG00000196345,ZKSCAN7,2,ZKSCAN7-1+ZKSCAN7-2,True,ZKSCAN7,True,True,ZKSCAN7,True,True,3dcb8fed758e3c421acc1188d896d128e1d647710ea884707c408f45e2f7be84,9d8c9f55a57d9d257301b6fc4a76f719607501b2a36a443d67847088e78437c2,2ca41d35a0e5623bf7198d70859eb1b1a52c0637ea72bd9ba3c0de28f6a36d17,0a7478bf4d066cf07bbecf380aa5b156b05fefb64fd0e0293ad7beea223bafce,COLUMN_UNSEEN,0,True,False
749,Q04,149,ENSG00000117308,GALE,2,GALE-1+GALE-2,True,GALE,True,True,GALE,True,True,6e20a1fa68be6010cffc7177ce79273fb88e1ec1897bdd4941df43e7f312950b,3666396917d40f0ab7d462657f40540686df218daf22f3fca1c873f95b6d560b,2cb0004165bdf4b12b25eae4756b310d86c73ca84ccc6e177ab602b91d837df7,0a6cd71f571166d21feaedbbb8d38bfb33237c99f34175221988439ec7250cb2,COLUMN_UNSEEN,0,True,False
750,Q04,150,ENSG00000196139,AKR1C3,2,AKR1C3-1+AKR1C3-2,True,AKR1C3,True,True,AKR1C3,True,True,9281846d5386b9401394bf8c0cd4736d4e488060d9d4d596748b87217abdd5b5,f016b14891a52b763a56dcefd1ff6f577193ace02d98fafa213aed10e586ea95,2cb91fb385cf89db935b10d9f18b4dee4a3c4fb852387f53bce48535ab93cf8f,d2d3635eb1944d9764bf632010e32731abefe344111dcea9b905873892da0daf,DONOR_UNSEEN_ONLY,6,True,False
751,Q04,151,ENSG00000053747,LAMA3,2,LAMA3-1+LAMA3-2,True,LAMA3,True,True,LAMA3,True,True,418e9be2f7202793d007d3fd4020b1ffee5a9477c9b03b7c01e38fb667b4058e,40c9be78e40980cec026a7594fc75617113bf6ace4627b645758a7d662ba7a72,2cd5b08c22cd27d98ebafa4eef183b122132ff3680a075f509fdf46dd16e4756,9aee46a9a63d93025a23c52f8cfc59395e8d5e3205e2444946d22b5a39517d72,DONOR_UNSEEN_ONLY,6,True,False
752,Q04,152,ENSG00000108639,SYNGR2,2,SYNGR2-1+SYNGR2-2,True,SYNGR2,True,True,SYNGR2,True,True,acd09b7941e0495c93eb8571bc3d1567e6203fddf22b2ffe7505aa2076e6ec04,3994f6461cb12078a36ed616fe844f8b952c2a9aab3f50f9975a3e7b872f9b20,2ce4ac37dd8df64b65b0ce8913baec4440abb7616a3b30fd47bafa99129c7fb6,263706b3b05999e0d1d1004736ab6a6a07fbaf01ec4efbeb9bf4a5401882461d,COLUMN_UNSEEN,0,True,False
753,Q04,153,ENSG00000239998,LILRA2,2,LILRA2-1+LILRA2-2,True,LILRA2,True,True,LILRA2,True,True,e27a153931846c94ee2fc7847152e7cbc78d40f311846959eb8b906fcb63366d,0f134f60a91cb522c2022eaf42d6052739882a3ce3d4c5dd7cea3c88dfdee00a,2ce792e73e2b07d989f48ba45ddef7ad17e214618ee7356fd3df3c6ad9e0d981,b1f52f57d97f3dd0168ffc6e9101685ffe94d84f9e2ab646559e648143845945,DONOR_UNSEEN_ONLY,6,True,False
754,Q04,154,ENSG00000113580,NR3C1,2,NR3C1-1+NR3C1-2,True,NR3C1,True,True,NR3C1,True,True,e74bdcea41c67385ab25cda649124f5edfdb3bfaf53ed875120eb9b938c773dd,d40a76b1314d530b469341caa0ad24e3c1be8032f0de5d1c086b4282f7767bed,2cef8f2fe1c8ee0c49ddacd0d9def522b4acbfdb896ebd8f6568ac91795fdeaf,eaf80d38588f4e69447d58227f50c17faba79e9afea78815dd1fd2b13c13a259,DONOR_UNSEEN_ONLY,6,True,False
755,Q04,155,ENSG00000135316,SYNCRIP,2,SYNCRIP-1+SYNCRIP-2,True,SYNCRIP,True,True,SYNCRIP,True,True,0a368c0e53f7b39bf20f9a72199592951c442196cfed9db60dff5a1a5562c59b,3340f97b6156bc147583f7127658c55d5fa154443c51ef2b9c05a31c8a7286c5,2cf38d6053ccf2a23d0be86c8ff7f2cd9e8f1e3b9cef8007e78174cba435485c,0bbcbf1d0caa7774bbcef0da4c41f23e7ab23abc1c7f219d70d9fb8849e312e6,COLUMN_UNSEEN,0,True,False
756,Q04,156,ENSG00000164022,AIMP1,2,AIMP1-1+AIMP1-2,True,AIMP1,True,True,AIMP1,True,True,a9bc71c4b0ca0d2ccc02dfc25c779c266a0a7e3e67ce4bbb786b42cb83c04045,1b12aeffdc3bb9a5b823ad7666d5a561cbc6764db49e3e42c6feb38701ac9e88,2cfc17c10a7cfe03d4a299ae4f29fb4f62818a8c6725e0d00746305ca1512019,4f1832b70422de9113f2c24564a4ef86c5d546a58c75d642c66fb5c04e6cf135,DONOR_UNSEEN_ONLY,6,True,False
757,Q04,157,ENSG00000049618,ARID1B,2,ARID1B-1+ARID1B-2,True,ARID1B,True,True,ARID1B,True,True,e3929b96223fd2bf09a030fbfc763b9ee7ca0a461fd0270743c5bd10c7beb2a5,1f80aaf7af0acbf20c2a4a0d1e271156455a934e5a9543fd9a8055f2fbbf2a56,2cff3af35e3b8a6469f5e2fc3c88a56de76d20dbd3211d6eb8e13c474f15fbe9,8555b76f323f02c06af563c39bcdfa5f2c71721dbbd4d0d78e4803f66b7e02f8,DONOR_UNSEEN_ONLY,6,True,False
758,Q04,158,ENSG00000125850,OVOL2,2,OVOL2-1+OVOL2-2,True,OVOL2,True,True,OVOL2,True,True,4828e81d13bfecab0f72a3466ffea1d92709ac3ee637654e90741f9bd4488bb8,100831d9ef6e45d0e671bd91dd2ac8bd155d052974079601770c6584f91e41ae,2d045650e78128dce84821e0ed424cba0fd438b3f42f5144b76a4cda4510026c,5348ff70187f3c17b4b359474817f4d01cfe9e821777d184e010f1582efd3277,DONOR_UNSEEN_ONLY,6,True,False
759,Q04,159,ENSG00000170473,PYM1,2,PYM1-1+PYM1-2,True,PYM1,True,True,PYM1,True,True,33175935c176d981c312652d2cf7afd887245db6b00a50e73e436132909d7356,18c35f059b0236e6d24c16ecffb9429a2cdbd42b2b8b1bee97ebe90cd05ffe2d,2d2a43a0c167572cea0640b1c081ac9e197f3bfed5a24ff39f9ac92a81a9bd10,efccee83c1c1bc0f92350e12afaba59986ef765a5fe534265eb9119a2a883c5d,DONOR_UNSEEN_ONLY,6,True,False
760,Q04,160,ENSG00000180787,ZFP3,2,ZFP3-1+ZFP3-2,True,ZFP3,True,True,ZFP3,True,True,0f405dbafffb612891a4a4a6f784d6b9a7ec9ec0bf73d842b6016f3b583b8614,dc6d049808c2fbbf182587e2f0b408b15d50c4a11aad56f56158e9317809c957,2d2c4e54bf67ea406b7edebff2feb0b6d00bf23fb24f50b1154e448c7a80b008,a1da01a2e4071c3fbbd835059b2833ba65bb80aaa189e21794b554863eed519c,DONOR_UNSEEN_ONLY,6,True,False
761,Q04,161,ENSG00000168300,PCMTD1,2,PCMTD1-1+PCMTD1-2,True,PCMTD1,True,True,PCMTD1,True,True,2f9f983286a41b108ccc71922a3554179c8b4b21f69b233c4f6f232be471b73c,015f5a80ac1bc1e018c6d230a42e98c0dfd4a7dfc9065bb1de16dfe0f5e77053,2d52d2b93401bde990d365cc21034efe42efafa4999be768e6fa4b5be8cd3b38,8e29d4d24f423fcccbfd3531a5acb0904625d0207ad67b1b4052a385917f7823,DONOR_UNSEEN_ONLY,6,True,False
762,Q04,162,ENSG00000050393,MCUR1,2,MCUR1-1+MCUR1-2,True,MCUR1,True,True,MCUR1,True,True,a12bab071f80ab36708f5e3970eb25b5dc58862dd934f7f8acde81113f2666c4,642aea512ced100d4d5d8a343f335c0ed4f96d7d33cd3485f0d90e39797b8e53,2d71cce4e03172818d1ac9a1cf6a68eefc053ae37f8659af2a5f31c06d2ae88f,b64a6bfb7c34561f80edd9779ae394486dbd7d7eb67e550dcdb970d28dc9870c,DONOR_UNSEEN_ONLY,6,True,False
763,Q04,163,ENSG00000120688,WBP4,2,WBP4-1+WBP4-2,True,WBP4,True,True,WBP4,True,True,ac7699e847c58094f3f998b7f6b93869a25a7d199d7310a318837629150d501d,b390f46d2b1895b2f215c1f2f5923f56d905ed8f3981d9135e5373b8a50ff18f,2d9435f5aa87526c0cb30e09825a2b81112a5218f0807848833171b36c35d47a,5b0217af6dde197ac2ab04a4d4d942b37108d44f33d1964e230c87766ef01200,DONOR_UNSEEN_ONLY,6,True,False
764,Q04,164,ENSG00000072609,CHFR,2,CHFR-1+CHFR-2,True,CHFR,True,True,CHFR,True,True,fbdbfcc46589df23377898e33fff9eb7eb9e043e39f6f16055daef03f906af0b,6eb069b575844f9ff94c72c2536e9ffd66188c4565d519f10b8e15d6b9f1456d,2db7e8d0695e6833ffecd5b4c8407feb6148e589e2e649067cd7cae0e94d598e,0dabff267bb2da8f91bf9a49c097242e57f741759b1a9798cffb86a7844b28c1,COLUMN_UNSEEN,0,True,False
765,Q04,165,ENSG00000120899,PTK2B,2,PTK2B-1+PTK2B-2,True,PTK2B,True,True,PTK2B,True,True,83fdddfd94143533a4dee18cbef9fe066aee9a2ae6cba61035a032403af6d123,b2b7742f6d839936dc7a9afbedbff99e2714d161d882647467bf6c0c9dc30247,2dbbdef015214f1fe9934f3e92f8eda30dd43ad3a583585ac5d50591c984f989,19b887cfacb1e57286adcd1ff91791fcc3102b5fbf5ae2aea35d5509ed0c8cb0,COLUMN_UNSEEN,0,True,False
766,Q04,166,ENSG00000196867,ZFP28,2,ZFP28-1+ZFP28-2,True,ZFP28,True,True,ZFP28,True,True,b3bc240e3d05702db040283030c48c6accdba6a8bb3b560b69838f0478409154,b025a7b00478721238d477261437f475553e6d0042bafe3e84a8e953b391cdb9,2dc75b50dfeb8cde4ea6e6ebb1e2939768935ac385a261caadf93d489d08fcf9,07ca32a8f3ad25893924fba6cb943ce1b37b45a8ccf6de46c995177bb8cc817e,COLUMN_UNSEEN,0,True,False
767,Q04,167,ENSG00000004142,POLDIP2,2,POLDIP2-1+POLDIP2-2,True,POLDIP2,True,True,POLDIP2,True,True,672336938f162b6a371b2d6c372b0117761b1f5484145a1c9d22d06c9dc18670,6823c2e3b75d8373591a0ff0f0b47abc03ed8a85b9595986299369b5f0912f13,2dc953c7b33a1d383b04817201685ff0e1366f0cf671f56df6ea2d61ca034bf6,75d9cef65a3726f3748b1fbf694edb1ce7e91c3dd8c2656d84b7653a743f62ec,DONOR_UNSEEN_ONLY,6,True,False
768,Q04,168,ENSG00000176092,CRYBG2,2,CRYBG2-1+CRYBG2-2,True,CRYBG2,True,True,CRYBG2,True,True,617f6d9c4e66fbe69b314c678f121a96a3cdd09fc591951468c575aba4b04dc1,4b4f31bd676ce342a4afa559a0b28f82e60218fe7bd51b3b3adcf7451bf1e9ed,2e10834097cb20f9619493217127dfc230630f2ae55939b25a68f585cde8a1df,dbbdb59eec835eed4178f2674b5b701dea7cda85edc9ce175756a221ea0c6a0a,DONOR_UNSEEN_ONLY,6,True,False
769,Q04,169,ENSG00000008196,TFAP2B,2,TFAP2B-1+TFAP2B-2,True,TFAP2B,True,True,TFAP2B,True,True,c7bffd035b62c046535722a7bd53a52fb7372b2b9266ba9690784ba72453d70e,5cda8b10715851e1268f23f94b798ec06bb105b74e7cd51f16762d0adff308dc,2e2b8ec182f68378f3686900e390711ac0c499238871587bd1d03f92b0720983,69736e0c3c028d48fea9358207baa1f3301fc1f3a5363958dacb1842ea7efb7e,DONOR_UNSEEN_ONLY,6,True,False
770,Q04,170,ENSG00000206530,CFAP44,2,CFAP44-1+CFAP44-2,True,CFAP44,True,True,CFAP44,True,True,d88f64e7b062a326e24f9b61b640a04ee2e776937028decca03e5978d0157bdf,ef2c866e9ff8cdda555235034bd32edf723994c10f2b5d6477357cae6aaa20f0,2e42c4b42c940934805d90591923cc316e8864594d888147bd5aaf53502cf243,aac1bb31a04e124603e9ecfe214a34c8acf7c70a2b64c2183fb73744232725fb,DONOR_UNSEEN_ONLY,6,True,False
771,Q04,171,ENSG00000125772,GPCPD1,2,GPCPD1-1+GPCPD1-2,True,GPCPD1,True,True,GPCPD1,True,True,bcf1d1c1a45ac62d3c8b23b897726c755b954e6bcaa0c914f961726cbf76b2fc,384506bd4b354895bda0437acce3bafb3749c0774c01c0af4dfa8bd42bd1399b,2e42fac5fb1808c1ab40aa09f5965309cf9fccf23ab99441ab4e167597bf303b,594b63cdf213a38d1a1bfa3899afc0e714e4daf28769854a56023b8c16693b22,DONOR_UNSEEN_ONLY,6,True,False
772,Q04,172,ENSG00000110057,UNC93B1,2,UNC93B1-1+UNC93B1-2,True,UNC93B1,True,True,UNC93B1,True,True,85db017bcb282a028b9ca77eb9386f21eb10f05ef557f1e20c93f31d642d56b9,b3001b20fe6ffe25a01be23efd8769308b2ab338fdbd68e502cd603cf3195f7a,2e5082a692fb4529e1b15bfe0536d2077d2b570fae3ee74fdf9d76c126ee37e8,ad8243eaecabc235fb140d9e31d527b2cb51c1f88fd67847f3350d1bc0557ec7,DONOR_UNSEEN_ONLY,6,True,False
773,Q04,173,ENSG00000182310,SPACA6,2,SPACA6-1+SPACA6-2,True,SPACA6,True,True,SPACA6,True,True,1f4020acc10cb2e49d10380cedc3d78a190a62faf52aa62607373a448dd1e613,bad32bcf26eaef3418ecd0e14b77c4ba8b980ceccd34cab09176671189e270c3,2e5ac1af8a0f4c79c51a4c21820be4c28062605c250b4de430c45462d5e5e735,49e5742adfe10feb1fd43006ebb08cc4f0fbc957fa601f02b9840982e0ea285f,DONOR_UNSEEN_ONLY,6,True,False
774,Q04,174,ENSG00000023041,ZDHHC6,2,ZDHHC6-1+ZDHHC6-2,True,ZDHHC6,True,True,ZDHHC6,True,True,17314167d1e47d9af93886ff5f30d62544f8dd371b1aa51543752194d7bb4a2c,d4d7e56f8c80057ee3bb0e986bd8d3c2eef6f0a0493a9360e606debcfd1866e4,2e6dcd703015a7191f0f5b065e0446e92b26dc3558c45c2cd704b61af14b0647,06259e37a37484ea73e79dae223fdc3093f0f956946aa8b556308b648132f983,COLUMN_UNSEEN,0,True,False
775,Q04,175,ENSG00000177917,ARL6IP6,2,ARL6IP6-1+ARL6IP6-2,True,ARL6IP6,True,True,ARL6IP6,True,True,d72c5a4041104fc9ef675b5415e3284a0fac751ef04669f04b38cf207263c969,66723eecb2d1c860c1d252eb54e464ddcafe43e35137f9205a49b8b81c6cf9de,2e863fbdfc1020bc6e610be695ecf1949bac893bda250d1ed4bbc7e6f92acb7e,ee4013bb443d1d480f3cc520465cdc4dd43ac4da6d1b41377665c8d763a44e3e,DONOR_UNSEEN_ONLY,6,True,False
776,Q04,176,ENSG00000204839,MROH6,2,MROH6-1+MROH6-2,True,MROH6,True,True,MROH6,True,True,a98bf677be0ce6a65b89f8a35f373777a7b538af26d4240960d2494484e3cbf2,c775a32879766d535e32bdac2e8d49e28140a036f35ea5972e0690183820a56f,2e871e1ff84b10bb573ce1ef040b15698b5a7a8ea6e607ab610be0833b6be6df,527513789969a96bde75ee5e97866ef8d5468ce85ca069f11fc0c6492f42330d,DONOR_UNSEEN_ONLY,6,True,False
777,Q04,177,ENSG00000089486,CDIP1,2,CDIP1-1+CDIP1-2,True,CDIP1,True,True,CDIP1,True,True,2ffd6db684f6a17ddd4a44119031b5c8c5d6dcbc31e2e5e5ec4b8481c9367baf,c87487523068c0f87d9d4a78259edd7b07908780b8d734e1a7b6639c5e8ec8e8,2ec5b92b1dbb475a70c46b7f953db7a1a974f447c0e645922b8ddc93832e78ab,eaeec33f8004800406fbaa7fe362dfc667f881fdf7bdef5ac754b9b9e1a7c927,DONOR_UNSEEN_ONLY,6,True,False
778,Q04,178,ENSG00000196954,CASP4,2,CASP4-1+CASP4-2,True,CASP4,True,True,CASP4,True,True,aa05fdc0988b9e1eb94b343af6d246df1d032fcd74da64d14c51b2a79bf817d4,dd1c31f40c222fb143d4bb50effcba4c4d150c226284dac440689337622e84db,2ec87867e8a93dadc46d9e26304e8cdc6e12951748641605ccc97aead16be7ce,6828666b54b193a9b74e28d85cfe1584d16ec051f84d068653305733ffd5759e,DONOR_UNSEEN_ONLY,6,True,False
779,Q04,179,ENSG00000054267,ARID4B,2,ARID4B-1+ARID4B-2,True,ARID4B,True,True,ARID4B,True,True,7534bfbc356186d1b2d60a5a8f47d13ff51a4ca514862489cd2f076d954bdbad,36306e1f8e2472dddbdec5b7508cb91b5dca97c48858ba855ea5b498435be6da,2ed655db80d94e41393031cbe27d11718d6b870d1866b05238f959bae8f8272a,f3719b4b960a625f3bf496bc81804eb529a5786178dd8bf537984d116906fa4b,DONOR_UNSEEN_ONLY,6,True,False
780,Q04,180,ENSG00000143933,CALM2,2,CALM2-1+CALM2-2,True,CALM2,True,True,CALM2,True,True,9cbf1b3c2f22ecbab3a306891c5328dd5c7836bd5e84781068c578e6a8de5928,86bef1cea42f48ad1bca5266223c191675852b27e3d5587bc91f2e8f50a8c771,2f3c6efbb3b1362c82fc76dbe911b0b4878fa82daae0a45f51875c9ccd96fa89,63180ea6a05255f78af9b59b783151769ae20ee4f1d3865edecf410361ac7ad9,DONOR_UNSEEN_ONLY,6,True,False
781,Q04,181,ENSG00000105778,AVL9,2,AVL9-1+AVL9-2,True,AVL9,True,True,AVL9,True,True,0ff6ef0ecb648be708a2cb4c0205339cea7efff24ca04a7bdcd09150a0f3a386,cc716d80befea728e7669d06245cf839bf1b258228bfd13ff1cb7e76ccff33da,2f4852e4b82b37ee42424ca9be3a007a65f29930e5d3bc9ddfc5b537c5b3509c,64c16a6b0a95315ecf931bf94412ab1c79ce0e6d376948f1496c310cbf0fe620,DONOR_UNSEEN_ONLY,6,True,False
782,Q04,182,ENSG00000170632,ARMC10,2,ARMC10-1+ARMC10-2,True,ARMC10,True,True,ARMC10,True,True,0f408101cde6d763d57cd1b5d16fe463755a7d834f46083cc295070af532f076,36bfda8c10fdb09a1dee337ffd8b51c8fa34a69f64ccde1c950b7a2b10173ff9,2f5e1a817ecb9967d0ee5641e175282601564ab536fc633c24daa910f0483896,e2b694d97bd63eb80efb2f3d14f24c5b23a78687ba01883866c47c3e9f89c0ad,DONOR_UNSEEN_ONLY,6,True,False
783,Q04,183,ENSG00000154760,SLFN13,2,SLFN13-1+SLFN13-2,True,SLFN13,True,True,SLFN13,True,True,61427905b319e84b70764cfbd95fdcc51c03fb82c3ddeb43402f7b5126d85b5f,265bca145a29da6e816a46c6bd66014715cadc7407386cd93a48d36f2217b7dc,2f6e90e97fb8fd4e9acd1faefff80063f97929eb368a543c492377c87aac0084,cec4120883546649151ff9831bfc5e214367c735141679a486b4cbe86baea766,DONOR_UNSEEN_ONLY,6,True,False
784,Q04,184,ENSG00000214021,TTLL3,2,TTLL3-1+TTLL3-2,True,TTLL3,True,True,TTLL3,True,True,ff892282b39cb60953e88cb617269f00da5e143fd17b9787ee1c0482fc106e13,3e9f5db5e7140eaa3e715f69a3a6cae6ec898cc9406d3070e71a41a71c9288f4,2f819aa7ceb4ff87bd9e9c87de575420d25fefd6fba746e1891c9ce3e3351cd6,7029b3063902371f747cd083eb5fb130042dab63b016cc76acaccacfce44b02d,DONOR_UNSEEN_ONLY,6,True,False
785,Q04,185,ENSG00000156050,FAM161B,2,FAM161B-2+FAM161B-3,True,FAM161B,True,True,FAM161B,True,True,3827f9c54293f4721400bc778d5980cf271d24ba4caa8a79033e744916e82642,041d5c122fdd498b3a561c43ee3a5c84998cbae4d089960bb5e1dfe2f1b9222d,2f903d925c9a5282ecc77890476af84743ad7fc9184dadaae723457af39d43ef,0a8c8b3c6e9621609724bb7c2f678a5b68a938b43e67e786f5845562e86d39c3,COLUMN_UNSEEN,0,True,False
786,Q04,186,ENSG00000173276,ZBTB21,2,ZBTB21-1+ZBTB21-2,True,ZBTB21,True,True,ZBTB21,True,True,3d654fe8888dde5dab3f908344db78db76492a2b13eaf3d8c431497465fcecc1,5609244b28d0aa9503fecb577ddd607c51c45cad3e42f08e8e1832a5ae513900,2fa959741a224e8acad16d713c7953b9b7e2f32e2abb6f2ca118793b8a8c7648,f1c9ab23ba637b2fcaa5102d69bf7d1e8d3d9e8db89b92ccf5c40b8c6bbcb3a4,DONOR_UNSEEN_ONLY,6,True,False
787,Q04,187,ENSG00000170954,ZNF415,2,ZNF415-1+ZNF415-2,True,ZNF415,True,True,ZNF415,True,True,9da2ef1293324073b15cd3fca3c8320c40cb5bcaa49ba65d107e3fe62bd8968a,66fe51662a482b5cc514a7b4ff6e1f71e8a18e506cfde5413e328f611053dcc4,2fc77f36aaa0f00fe02179444ddf4adbe854e2cdc544d7205557cacd0cea27d6,3b63fce9814c77e190b8119c7012a9b8a8442650f36fbf8b0456d3bb408d8462,DONOR_UNSEEN_ONLY,6,True,False
788,Q04,188,ENSG00000111790,FGFR1OP2,2,FGFR1OP2-1+FGFR1OP2-2,True,FGFR1OP2,True,True,FGFR1OP2,True,True,fa443adb8bd8e248d39081103a90d6c4d3338f756df4cae181818a719a19ac05,72cf4b47ca5ac3457def7069417de082f7e061fcadcc3aab75bf80a28cc46cdf,2fd395dc14276c49ada6e8396b6acf57d3431a23f3ae94410e531789cdf36e7b,74e21ff9b3dc2adad5a754fa1e2c90c06efc1ca6bf528e2a44bb98f1046802f7,DONOR_UNSEEN_ONLY,6,True,False
789,Q04,189,ENSG00000122223,CD244,2,CD244-1+CD244-2,True,CD244,True,True,CD244,True,True,a32694ec168e42c382367d80a40f81c7d4dabaca65d45643b21ed723922cd67c,20e194ff5e8c836be47ecb05f54de81b7e8ea78ea4c08b2506aea3d02fa40905,2fd57ca405f1b61291681ab2e0f401768b57e6994a23e24098cf6705af558b9d,bb583be8bcca794b01270448358f86950e056158f132f7b154ee5bb869effde6,DONOR_UNSEEN_ONLY,6,True,False
790,Q04,190,ENSG00000137965,IFI44,2,IFI44-1+IFI44-2,True,IFI44,True,True,IFI44,True,True,851beb82534031325aa33ce69985332695cef8a9917a88f63e46c61de780c697,e2443275c6710f790646a0ad9bc592294e00e2ed24d959f42c3cdf0879266535,2fdc9ad41321273796c9c00effc8d794e1b2b52b9a383b6803c0a677586f80a4,4e3213595e567c9c2bd5d611fee5be6e5036775bd7ded62f7edb769a09800a63,DONOR_UNSEEN_ONLY,6,True,False
791,Q04,191,ENSG00000100612,DHRS7,2,DHRS7-1+DHRS7-2,True,DHRS7,True,True,DHRS7,True,True,bbaa59a9b884e138a7f6fa82f98f094d7dd80f0bd327b300dc3d87dd96e4dde7,108daecce8a1c0e6598ae6dc5b121388f567317f56259753e6894dd70bb1d38c,2fe0ccbc0b86baa5d6cdf096ef07fa294308a47372730636d1fd52a0d910ca37,ca067882ec38202ad2125f84018be006b1b61e6ebe368ed001881193e4afc8fb,DONOR_UNSEEN_ONLY,6,True,False
792,Q04,192,ENSG00000185033,SEMA4B,2,SEMA4B-1+SEMA4B-2,True,SEMA4B,True,True,SEMA4B,True,True,ff24ae53eda44a8e3f36aac6351d0c504577283ab64d18894b1628d272b2b603,63046968b3329b2e7d47ec6b71ad026fffd6c12bbfb587b06c58cd0336412142,2fe105b38a35382389dfad7d92cb0ad08215cdfda82cdec2d91dd41e1b02b572,821b398cff5045d633591ddc787b3cd8a7aa42ec5c1a7bcfd5f04274a66cb667,DONOR_UNSEEN_ONLY,6,True,False
793,Q04,193,ENSG00000050426,LETMD1,2,LETMD1-1+LETMD1-2,True,LETMD1,True,True,LETMD1,True,True,9ca270421c31e3657f2ff247ce8c38c15bac19062e0654332c96b686f349d33a,82bb30e6ad9ebb27fe6c8a15a38df579e033d9144356f25690e2378df4a4295c,2fe6bfdafeac42dffb9c3f292f05c76f1af996910b3ac3eb30f9c9011ef3f865,d1cd229a03df0782f05f5bbc0a5351141c18fc91a6b9fe505d78289c771a983e,DONOR_UNSEEN_ONLY,6,True,False
794,Q04,194,ENSG00000078142,PIK3C3,2,PIK3C3-1+PIK3C3-2,True,PIK3C3,True,True,PIK3C3,True,True,236c9430ba9b66409e3dd1744b61eb8b356e63d28dbddb2708f324393454ef77,1b5102a046aaecb45cd94005fd258f7e0b26d67e730041bbc71ad5b0979ca75e,2ff05c70295cda0a7063fc92470d01b86c50cd96a6db75bed1da241b64d8dac5,2587e4de987ebf79dee493d0a3d44915131b8bc90e5e8431e6f6c9a3b0b80958,COLUMN_UNSEEN,0,True,False
795,Q04,195,ENSG00000187908,DMBT1,2,DMBT1-1+DMBT1-2,True,DMBT1,True,True,DMBT1,True,True,73e40c55fe5c734a119d777debb1b39c2d92dda2c96a2e2947b1b0add99d2ace,4680d38d30368655734195a1a636e8a6bc70418b39b84c7cce6e0a83964a9d87,2ffa52d6ee52b5396770b2d300b25daec77c340134195ae95317094698a910be,1afd024065d5b57714feed89ec82ad1dc1d0d5ad5b1e99ac7128f80f3297f5e0,COLUMN_UNSEEN,0,True,False
796,Q04,196,ENSG00000116005,PCYOX1,2,PCYOX1-1+PCYOX1-2,True,PCYOX1,True,True,PCYOX1,True,True,14e3fbfa8eaff83bab0ae00846e70c9d63287813dbf58e5d69d8bf341abffa81,a20d0672c5a5c3c8d039bd1fb7ac90bfd787674d1e454f0f33bd9aa34654b91b,30082e669e2cd33924377bb5740e3712dda456a26baeaa6c3aa8f0240891259b,4f64752c6f39a1aa7e030fdaa6a80ef0fa807e064cdd78e54e1521a384746d45,DONOR_UNSEEN_ONLY,6,True,False
797,Q04,197,ENSG00000120686,UFM1,2,UFM1-1+UFM1-2,True,UFM1,True,True,UFM1,True,True,98be130680057c6956efe3997639835016843529170b6e81941ebfd6f0509ad1,3a0c0bfa487dae06031f4f8729399497bf985795a05262ede75941bed1e232f9,3015f4cdbed3d49bba04e373b82ffd081b29e16020eb5e8acf395ee4ca54074b,c58da8d9af9e006b4fa6aadcca8f72f6f4d467734fe0467c682aa59b38f2886b,DONOR_UNSEEN_ONLY,6,True,False
798,Q04,198,ENSG00000107902,LHPP,2,LHPP-1+LHPP-2,True,LHPP,True,True,LHPP,True,True,2b9f80f4c798a18d78fb09e0c6945ee189110a77a6d4b5c209a7d23a001e74a8,b8b157737e88faeca51c4dba4f221860d2d0e5d909679ab8f0fb17b2c763e01d,301d1ade6e42c740cce07e9fc0b5bf09278e022453f9aeb474a929431e3d1627,2ca9e18509076806aa046d314847c911abf76cdd0535f2c0bfae8f30b75a576d,COLUMN_UNSEEN,0,True,False
799,Q04,199,ENSG00000182700,IGIP,2,IGIP-1+IGIP-2,True,IGIP,True,True,IGIP,True,True,2732f007c5042b625043bb7810fff7e73857e8d9700b375127c39532dcb1f7ce,bf3d0627370b91d8b2cc6050e26992cbc31a010806a880ff2b025f49388b2749,301f770bb1786705645e345c7f3ee811fb81e87f536492547b5dfcb4eb5e7c7d,152c2af2da16f101c843b42e17f4a7340f16e0bb1b8d9e511fb4df38b8bf1475,COLUMN_UNSEEN,0,True,False
800,Q04,200,ENSG00000115204,MPV17,2,MPV17-1+MPV17-2,True,MPV17,True,True,MPV17,True,True,40ebd38655375993952d27869329384a2f070257fc70f9d5f154a1273a7bdd5e,b6a33068cf938e01379c9b43860f2a08bde193f439f89e42943973d721fc1a77,30377f375cbadcf17c59bd338678e06dc8b5696ab8906545f00f16c701856baf,167eb44ef754a32ad3236f376eda0cb936efd1e0e507fbef58aabb4bf6e55180,COLUMN_UNSEEN,0,True,False
