source_id,source_label,source_status,record_id,dataset_name,dataset_family,fold_id,split,context,perturbation,predictor_name,true_error_rmse,score_name,score_type,score_value
GEARS_FORMAL_54,Norman/Adamson/Dixit formal,formal_existing,GEARS::adamson::seed1::single::CCND3+ctrl,adamson,gears_supplement,1,test,GEARS_single_heldout,CCND3+ctrl,GEARS,0.0498433001339435,gears_prediction_magnitude_risk,risk,2.0864181518554688
GEARS_FORMAL_54,Norman/Adamson/Dixit formal,formal_existing,GEARS::adamson::seed1::single::DAD1+ctrl,adamson,gears_supplement,1,test,GEARS_single_heldout,DAD1+ctrl,GEARS,0.0301224403083324,gears_prediction_magnitude_risk,risk,1.827869892120361
GEARS_FORMAL_54,Norman/Adamson/Dixit formal,formal_existing,GEARS::adamson::seed1::single::DERL2+ctrl,adamson,gears_supplement,1,test,GEARS_single_heldout,DERL2+ctrl,GEARS,0.027784252539277,gears_prediction_magnitude_risk,risk,1.9539042711257932
GEARS_FORMAL_54,Norman/Adamson/Dixit formal,formal_existing,GEARS::adamson::seed1::single::NEDD8+ctrl,adamson,gears_supplement,1,test,GEARS_single_heldout,NEDD8+ctrl,GEARS,0.0725772529840469,gears_prediction_magnitude_risk,risk,2.075874090194702
GEARS_FORMAL_54,Norman/Adamson/Dixit formal,formal_existing,GEARS::adamson::seed1::single::TIMM23+ctrl,adamson,gears_supplement,1,test,GEARS_single_heldout,TIMM23+ctrl,GEARS,0.040649376809597,gears_prediction_magnitude_risk,risk,4.325637340545654
GEARS_FORMAL_54,Norman/Adamson/Dixit formal,formal_existing,GEARS::adamson::seed1::single::UFM1+ctrl,adamson,gears_supplement,1,test,GEARS_single_heldout,UFM1+ctrl,GEARS,0.0229922570288181,gears_prediction_magnitude_risk,risk,1.6807321310043335
GEARS_FORMAL_54,Norman/Adamson/Dixit formal,formal_existing,GEARS::adamson::seed1::single::YIPF5+ctrl,adamson,gears_supplement,1,test,GEARS_single_heldout,YIPF5+ctrl,GEARS,0.0273095723241567,gears_prediction_magnitude_risk,risk,2.1506130695343018
GEARS_FORMAL_54,Norman/Adamson/Dixit formal,formal_existing,GEARS::adamson::seed2::single::COPB1+ctrl,adamson,gears_supplement,2,test,GEARS_single_heldout,COPB1+ctrl,GEARS,0.0464407429099082,gears_prediction_magnitude_risk,risk,3.2435312271118164
GEARS_FORMAL_54,Norman/Adamson/Dixit formal,formal_existing,GEARS::adamson::seed2::single::EIF2AK3+ctrl,adamson,gears_supplement,2,test,GEARS_single_heldout,EIF2AK3+ctrl,GEARS,0.0471799783408641,gears_prediction_magnitude_risk,risk,1.9280250072479248
GEARS_FORMAL_54,Norman/Adamson/Dixit formal,formal_existing,GEARS::adamson::seed2::single::FECH+ctrl,adamson,gears_supplement,2,test,GEARS_single_heldout,FECH+ctrl,GEARS,0.0448727272450923,gears_prediction_magnitude_risk,risk,3.045936107635498
GEARS_FORMAL_54,Norman/Adamson/Dixit formal,formal_existing,GEARS::adamson::seed2::single::PDIA6+ctrl,adamson,gears_supplement,2,test,GEARS_single_heldout,PDIA6+ctrl,GEARS,0.0342201218008995,gears_prediction_magnitude_risk,risk,1.7283214330673218
GEARS_FORMAL_54,Norman/Adamson/Dixit formal,formal_existing,GEARS::adamson::seed2::single::PSMD12+ctrl,adamson,gears_supplement,2,test,GEARS_single_heldout,PSMD12+ctrl,GEARS,0.0548688806593418,gears_prediction_magnitude_risk,risk,2.5696167945861816
GEARS_FORMAL_54,Norman/Adamson/Dixit formal,formal_existing,GEARS::adamson::seed2::single::UFM1+ctrl,adamson,gears_supplement,2,test,GEARS_single_heldout,UFM1+ctrl,GEARS,0.0230501722544431,gears_prediction_magnitude_risk,risk,1.5023764371871948
GEARS_FORMAL_54,Norman/Adamson/Dixit formal,formal_existing,GEARS::adamson::seed2::single::YIPF5+ctrl,adamson,gears_supplement,2,test,GEARS_single_heldout,YIPF5+ctrl,GEARS,0.0337443575263023,gears_prediction_magnitude_risk,risk,2.113853693008423
GEARS_FORMAL_54,Norman/Adamson/Dixit formal,formal_existing,GEARS::adamson::seed3::single::AMIGO3+ctrl,adamson,gears_supplement,3,test,GEARS_single_heldout,AMIGO3+ctrl,GEARS,0.0250233840197324,gears_prediction_magnitude_risk,risk,1.981245517730713
GEARS_FORMAL_54,Norman/Adamson/Dixit formal,formal_existing,GEARS::adamson::seed3::single::ATF4+ctrl,adamson,gears_supplement,3,test,GEARS_single_heldout,ATF4+ctrl,GEARS,0.0347613915801048,gears_prediction_magnitude_risk,risk,1.971427083015442
GEARS_FORMAL_54,Norman/Adamson/Dixit formal,formal_existing,GEARS::adamson::seed3::single::EIF2S1+ctrl,adamson,gears_supplement,3,test,GEARS_single_heldout,EIF2S1+ctrl,GEARS,0.1124528124928474,gears_prediction_magnitude_risk,risk,1.9674986600875852
GEARS_FORMAL_54,Norman/Adamson/Dixit formal,formal_existing,GEARS::adamson::seed3::single::FARSB+ctrl,adamson,gears_supplement,3,test,GEARS_single_heldout,FARSB+ctrl,GEARS,0.0610308013856411,gears_prediction_magnitude_risk,risk,1.9552758932113647
GEARS_FORMAL_54,Norman/Adamson/Dixit formal,formal_existing,GEARS::adamson::seed3::single::GMPPB+ctrl,adamson,gears_supplement,3,test,GEARS_single_heldout,GMPPB+ctrl,GEARS,0.0278720837086439,gears_prediction_magnitude_risk,risk,1.971477746963501
GEARS_FORMAL_54,Norman/Adamson/Dixit formal,formal_existing,GEARS::adamson::seed3::single::SPCS2+ctrl,adamson,gears_supplement,3,test,GEARS_single_heldout,SPCS2+ctrl,GEARS,0.0421967320144176,gears_prediction_magnitude_risk,risk,3.0159828662872314
GEARS_FORMAL_54,Norman/Adamson/Dixit formal,formal_existing,GEARS::adamson::seed3::single::UFM1+ctrl,adamson,gears_supplement,3,test,GEARS_single_heldout,UFM1+ctrl,GEARS,0.0248090885579586,gears_prediction_magnitude_risk,risk,1.848516583442688
GEARS_FORMAL_54,Norman/Adamson/Dixit formal,formal_existing,GEARS::dixit::seed1::single::ETS1+ctrl,dixit,gears_supplement,1,test,GEARS_single_heldout,ETS1+ctrl,GEARS,0.5468853712081909,gears_prediction_magnitude_risk,risk,40.30451583862305
GEARS_FORMAL_54,Norman/Adamson/Dixit formal,formal_existing,GEARS::dixit::seed2::single::NR2C2+ctrl,dixit,gears_supplement,2,test,GEARS_single_heldout,NR2C2+ctrl,GEARS,0.3556548357009887,gears_prediction_magnitude_risk,risk,40.11287307739258
GEARS_FORMAL_54,Norman/Adamson/Dixit formal,formal_existing,GEARS::dixit::seed3::single::NR2C2+ctrl,dixit,gears_supplement,3,test,GEARS_single_heldout,NR2C2+ctrl,GEARS,0.3719817996025085,gears_prediction_magnitude_risk,risk,39.09829711914063
GEARS_FORMAL_54,Norman/Adamson/Dixit formal,formal_existing,GEARS::norman::seed1::single::ARID1A+ctrl,norman,gears_supplement,1,test,GEARS_single_heldout,ARID1A+ctrl,GEARS,0.0817164257168769,gears_prediction_magnitude_risk,risk,4.339491367340088
GEARS_FORMAL_54,Norman/Adamson/Dixit formal,formal_existing,GEARS::norman::seed1::single::BCL2L11+ctrl,norman,gears_supplement,1,test,GEARS_single_heldout,BCL2L11+ctrl,GEARS,0.0663120076060295,gears_prediction_magnitude_risk,risk,4.561640739440918
GEARS_FORMAL_54,Norman/Adamson/Dixit formal,formal_existing,GEARS::norman::seed1::single::CBL+ctrl,norman,gears_supplement,1,test,GEARS_single_heldout,CBL+ctrl,GEARS,0.0714248418807983,gears_prediction_magnitude_risk,risk,4.13971757888794
GEARS_FORMAL_54,Norman/Adamson/Dixit formal,formal_existing,GEARS::norman::seed1::single::CDKN1C+ctrl,norman,gears_supplement,1,test,GEARS_single_heldout,CDKN1C+ctrl,GEARS,0.0693537518382072,gears_prediction_magnitude_risk,risk,3.610428810119629
GEARS_FORMAL_54,Norman/Adamson/Dixit formal,formal_existing,GEARS::norman::seed1::single::CELF2+ctrl,norman,gears_supplement,1,test,GEARS_single_heldout,CELF2+ctrl,GEARS,0.0490056611597538,gears_prediction_magnitude_risk,risk,4.196183681488037
GEARS_FORMAL_54,Norman/Adamson/Dixit formal,formal_existing,GEARS::norman::seed1::single::HES7+ctrl,norman,gears_supplement,1,test,GEARS_single_heldout,HES7+ctrl,GEARS,0.0881343483924865,gears_prediction_magnitude_risk,risk,5.079013347625732
GEARS_FORMAL_54,Norman/Adamson/Dixit formal,formal_existing,GEARS::norman::seed1::single::NCL+ctrl,norman,gears_supplement,1,test,GEARS_single_heldout,NCL+ctrl,GEARS,0.0630299299955368,gears_prediction_magnitude_risk,risk,4.307242393493652
GEARS_FORMAL_54,Norman/Adamson/Dixit formal,formal_existing,GEARS::norman::seed1::single::PTPN12+ctrl,norman,gears_supplement,1,test,GEARS_single_heldout,PTPN12+ctrl,GEARS,0.0633028596639633,gears_prediction_magnitude_risk,risk,3.369448661804199
GEARS_FORMAL_54,Norman/Adamson/Dixit formal,formal_existing,GEARS::norman::seed1::single::RHOXF2+ctrl,norman,gears_supplement,1,test,GEARS_single_heldout,RHOXF2+ctrl,GEARS,0.0891274809837341,gears_prediction_magnitude_risk,risk,5.202997207641602
GEARS_FORMAL_54,Norman/Adamson/Dixit formal,formal_existing,GEARS::norman::seed1::single::SAMD1+ctrl,norman,gears_supplement,1,test,GEARS_single_heldout,SAMD1+ctrl,GEARS,0.0654905214905738,gears_prediction_magnitude_risk,risk,4.022205829620361
GEARS_FORMAL_54,Norman/Adamson/Dixit formal,formal_existing,GEARS::norman::seed2::single::BPGM+ctrl,norman,gears_supplement,2,test,GEARS_single_heldout,BPGM+ctrl,GEARS,0.0447168760001659,gears_prediction_magnitude_risk,risk,1.7446730136871338
GEARS_FORMAL_54,Norman/Adamson/Dixit formal,formal_existing,GEARS::norman::seed2::single::CEBPE+ctrl,norman,gears_supplement,2,test,GEARS_single_heldout,CEBPE+ctrl,GEARS,0.0673763528466224,gears_prediction_magnitude_risk,risk,3.238741397857666
GEARS_FORMAL_54,Norman/Adamson/Dixit formal,formal_existing,GEARS::norman::seed2::single::COL1A1+ctrl,norman,gears_supplement,2,test,GEARS_single_heldout,COL1A1+ctrl,GEARS,0.0702310130000114,gears_prediction_magnitude_risk,risk,1.909579873085022
GEARS_FORMAL_54,Norman/Adamson/Dixit formal,formal_existing,GEARS::norman::seed2::single::FOXL2+ctrl,norman,gears_supplement,2,test,GEARS_single_heldout,FOXL2+ctrl,GEARS,0.0411100909113884,gears_prediction_magnitude_risk,risk,2.1578469276428223
GEARS_FORMAL_54,Norman/Adamson/Dixit formal,formal_existing,GEARS::norman::seed2::single::HOXA13+ctrl,norman,gears_supplement,2,test,GEARS_single_heldout,HOXA13+ctrl,GEARS,0.0774887949228286,gears_prediction_magnitude_risk,risk,2.207099676132202
GEARS_FORMAL_54,Norman/Adamson/Dixit formal,formal_existing,GEARS::norman::seed2::single::IER5L+ctrl,norman,gears_supplement,2,test,GEARS_single_heldout,IER5L+ctrl,GEARS,0.0463579557836055,gears_prediction_magnitude_risk,risk,1.9034725427627563
GEARS_FORMAL_54,Norman/Adamson/Dixit formal,formal_existing,GEARS::norman::seed2::single::KIF18B+ctrl,norman,gears_supplement,2,test,GEARS_single_heldout,KIF18B+ctrl,GEARS,0.0300963781774044,gears_prediction_magnitude_risk,risk,1.618381142616272
GEARS_FORMAL_54,Norman/Adamson/Dixit formal,formal_existing,GEARS::norman::seed2::single::PTPN12+ctrl,norman,gears_supplement,2,test,GEARS_single_heldout,PTPN12+ctrl,GEARS,0.0348319597542285,gears_prediction_magnitude_risk,risk,1.9274431467056277
GEARS_FORMAL_54,Norman/Adamson/Dixit formal,formal_existing,GEARS::norman::seed2::single::RHOXF2+ctrl,norman,gears_supplement,2,test,GEARS_single_heldout,RHOXF2+ctrl,GEARS,0.0614761114120483,gears_prediction_magnitude_risk,risk,1.6226236820220947
GEARS_FORMAL_54,Norman/Adamson/Dixit formal,formal_existing,GEARS::norman::seed2::single::SLC38A2+ctrl,norman,gears_supplement,2,test,GEARS_single_heldout,SLC38A2+ctrl,GEARS,0.0387614965438842,gears_prediction_magnitude_risk,risk,1.9512346982955933
GEARS_FORMAL_54,Norman/Adamson/Dixit formal,formal_existing,GEARS::norman::seed3::single::AHR+ctrl,norman,gears_supplement,3,test,GEARS_single_heldout,AHR+ctrl,GEARS,0.0415237620472908,gears_prediction_magnitude_risk,risk,3.0632214546203613
GEARS_FORMAL_54,Norman/Adamson/Dixit formal,formal_existing,GEARS::norman::seed3::single::ATL1+ctrl,norman,gears_supplement,3,test,GEARS_single_heldout,ATL1+ctrl,GEARS,0.051996923983097,gears_prediction_magnitude_risk,risk,2.883371591567993
GEARS_FORMAL_54,Norman/Adamson/Dixit formal,formal_existing,GEARS::norman::seed3::single::CDKN1A+ctrl,norman,gears_supplement,3,test,GEARS_single_heldout,CDKN1A+ctrl,GEARS,0.0437543280422687,gears_prediction_magnitude_risk,risk,3.1893529891967773
GEARS_FORMAL_54,Norman/Adamson/Dixit formal,formal_existing,GEARS::norman::seed3::single::CLDN6+ctrl,norman,gears_supplement,3,test,GEARS_single_heldout,CLDN6+ctrl,GEARS,0.0523627363145351,gears_prediction_magnitude_risk,risk,2.700002908706665
GEARS_FORMAL_54,Norman/Adamson/Dixit formal,formal_existing,GEARS::norman::seed3::single::CNNM4+ctrl,norman,gears_supplement,3,test,GEARS_single_heldout,CNNM4+ctrl,GEARS,0.0414338745176792,gears_prediction_magnitude_risk,risk,2.643848419189453
GEARS_FORMAL_54,Norman/Adamson/Dixit formal,formal_existing,GEARS::norman::seed3::single::CSRNP1+ctrl,norman,gears_supplement,3,test,GEARS_single_heldout,CSRNP1+ctrl,GEARS,0.0668360739946365,gears_prediction_magnitude_risk,risk,3.822564601898194
GEARS_FORMAL_54,Norman/Adamson/Dixit formal,formal_existing,GEARS::norman::seed3::single::HOXB9+ctrl,norman,gears_supplement,3,test,GEARS_single_heldout,HOXB9+ctrl,GEARS,0.0427171699702739,gears_prediction_magnitude_risk,risk,3.483503818511963
GEARS_FORMAL_54,Norman/Adamson/Dixit formal,formal_existing,GEARS::norman::seed3::single::MAP2K3+ctrl,norman,gears_supplement,3,test,GEARS_single_heldout,MAP2K3+ctrl,GEARS,0.0402420759201049,gears_prediction_magnitude_risk,risk,1.2442140579223633
GEARS_FORMAL_54,Norman/Adamson/Dixit formal,formal_existing,GEARS::norman::seed3::single::PTPN12+ctrl,norman,gears_supplement,3,test,GEARS_single_heldout,PTPN12+ctrl,GEARS,0.0406532660126686,gears_prediction_magnitude_risk,risk,2.8707096576690674
GEARS_FORMAL_54,Norman/Adamson/Dixit formal,formal_existing,GEARS::norman::seed3::single::PTPN9+ctrl,norman,gears_supplement,3,test,GEARS_single_heldout,PTPN9+ctrl,GEARS,0.035488836467266,gears_prediction_magnitude_risk,risk,2.8140087127685547
GEARS_FRANGIEH_62,Frangieh third-predictor run03,supplement_probe_existing,GEARS::frangieh::seed1::single::CCT3+ctrl,frangieh,gears_supplement,1,test,GEARS_single_heldout,CCT3+ctrl,GEARS,0.0638178139925003,gears_uncertainty_confidence,confidence,0.1957676638002839
GEARS_FRANGIEH_62,Frangieh third-predictor run03,supplement_probe_existing,GEARS::frangieh::seed1::single::CCT3+ctrl,frangieh,gears_supplement,1,test,GEARS_single_heldout,CCT3+ctrl,GEARS,0.0638178139925003,gears_prediction_magnitude_risk,risk,2.671228170394897
GEARS_FRANGIEH_62,Frangieh third-predictor run03,supplement_probe_existing,GEARS::frangieh::seed1::single::CD58+ctrl,frangieh,gears_supplement,1,test,GEARS_single_heldout,CD58+ctrl,GEARS,0.0344515033066272,gears_uncertainty_confidence,confidence,0.2018580803395336
GEARS_FRANGIEH_62,Frangieh third-predictor run03,supplement_probe_existing,GEARS::frangieh::seed1::single::CD58+ctrl,frangieh,gears_supplement,1,test,GEARS_single_heldout,CD58+ctrl,GEARS,0.0344515033066272,gears_prediction_magnitude_risk,risk,1.6018993854522705
GEARS_FRANGIEH_62,Frangieh third-predictor run03,supplement_probe_existing,GEARS::frangieh::seed1::single::CKS1B+ctrl,frangieh,gears_supplement,1,test,GEARS_single_heldout,CKS1B+ctrl,GEARS,0.0349913164973259,gears_uncertainty_confidence,confidence,0.2012511781534364
GEARS_FRANGIEH_62,Frangieh third-predictor run03,supplement_probe_existing,GEARS::frangieh::seed1::single::CKS1B+ctrl,frangieh,gears_supplement,1,test,GEARS_single_heldout,CKS1B+ctrl,GEARS,0.0349913164973259,gears_prediction_magnitude_risk,risk,1.62241792678833
GEARS_FRANGIEH_62,Frangieh third-predictor run03,supplement_probe_existing,GEARS::frangieh::seed1::single::FRZB+ctrl,frangieh,gears_supplement,1,test,GEARS_single_heldout,FRZB+ctrl,GEARS,0.035505436360836,gears_uncertainty_confidence,confidence,0.1932139993079134
GEARS_FRANGIEH_62,Frangieh third-predictor run03,supplement_probe_existing,GEARS::frangieh::seed1::single::FRZB+ctrl,frangieh,gears_supplement,1,test,GEARS_single_heldout,FRZB+ctrl,GEARS,0.035505436360836,gears_prediction_magnitude_risk,risk,1.6337757110595703
GEARS_FRANGIEH_62,Frangieh third-predictor run03,supplement_probe_existing,GEARS::frangieh::seed1::single::FSTL3+ctrl,frangieh,gears_supplement,1,test,GEARS_single_heldout,FSTL3+ctrl,GEARS,0.0307677816599607,gears_uncertainty_confidence,confidence,0.1898871717142328
GEARS_FRANGIEH_62,Frangieh third-predictor run03,supplement_probe_existing,GEARS::frangieh::seed1::single::FSTL3+ctrl,frangieh,gears_supplement,1,test,GEARS_single_heldout,FSTL3+ctrl,GEARS,0.0307677816599607,gears_prediction_magnitude_risk,risk,1.5136321783065796
GEARS_FRANGIEH_62,Frangieh third-predictor run03,supplement_probe_existing,GEARS::frangieh::seed1::single::GSN+ctrl,frangieh,gears_supplement,1,test,GEARS_single_heldout,GSN+ctrl,GEARS,0.0319030731916427,gears_uncertainty_confidence,confidence,0.1903212203770266
GEARS_FRANGIEH_62,Frangieh third-predictor run03,supplement_probe_existing,GEARS::frangieh::seed1::single::GSN+ctrl,frangieh,gears_supplement,1,test,GEARS_single_heldout,GSN+ctrl,GEARS,0.0319030731916427,gears_prediction_magnitude_risk,risk,1.5348773002624512
GEARS_FRANGIEH_62,Frangieh third-predictor run03,supplement_probe_existing,GEARS::frangieh::seed1::single::KDR+ctrl,frangieh,gears_supplement,1,test,GEARS_single_heldout,KDR+ctrl,GEARS,0.0324943512678146,gears_uncertainty_confidence,confidence,0.1963477773461694
GEARS_FRANGIEH_62,Frangieh third-predictor run03,supplement_probe_existing,GEARS::frangieh::seed1::single::KDR+ctrl,frangieh,gears_supplement,1,test,GEARS_single_heldout,KDR+ctrl,GEARS,0.0324943512678146,gears_prediction_magnitude_risk,risk,1.5506585836410522
GEARS_FRANGIEH_62,Frangieh third-predictor run03,supplement_probe_existing,GEARS::frangieh::seed1::single::PABPC1+ctrl,frangieh,gears_supplement,1,test,GEARS_single_heldout,PABPC1+ctrl,GEARS,0.0565841011703014,gears_uncertainty_confidence,confidence,0.1973613571539804
GEARS_FRANGIEH_62,Frangieh third-predictor run03,supplement_probe_existing,GEARS::frangieh::seed1::single::PABPC1+ctrl,frangieh,gears_supplement,1,test,GEARS_single_heldout,PABPC1+ctrl,GEARS,0.0565841011703014,gears_prediction_magnitude_risk,risk,2.1807358264923096
GEARS_FRANGIEH_62,Frangieh third-predictor run03,supplement_probe_existing,GEARS::frangieh::seed1::single::PFN1+ctrl,frangieh,gears_supplement,1,test,GEARS_single_heldout,PFN1+ctrl,GEARS,0.0474858283996582,gears_uncertainty_confidence,confidence,0.1933039406909486
GEARS_FRANGIEH_62,Frangieh third-predictor run03,supplement_probe_existing,GEARS::frangieh::seed1::single::PFN1+ctrl,frangieh,gears_supplement,1,test,GEARS_single_heldout,PFN1+ctrl,GEARS,0.0474858283996582,gears_prediction_magnitude_risk,risk,1.9524922370910645
GEARS_FRANGIEH_62,Frangieh third-predictor run03,supplement_probe_existing,GEARS::frangieh::seed1::single::PIK3IP1+ctrl,frangieh,gears_supplement,1,test,GEARS_single_heldout,PIK3IP1+ctrl,GEARS,0.0344920270144939,gears_uncertainty_confidence,confidence,0.1949921875727877
GEARS_FRANGIEH_62,Frangieh third-predictor run03,supplement_probe_existing,GEARS::frangieh::seed1::single::PIK3IP1+ctrl,frangieh,gears_supplement,1,test,GEARS_single_heldout,PIK3IP1+ctrl,GEARS,0.0344920270144939,gears_prediction_magnitude_risk,risk,1.616761326789856
GEARS_FRANGIEH_62,Frangieh third-predictor run03,supplement_probe_existing,GEARS::frangieh::seed1::single::PPIA+ctrl,frangieh,gears_supplement,1,test,GEARS_single_heldout,PPIA+ctrl,GEARS,0.0350970067083835,gears_uncertainty_confidence,confidence,0.1950786079373577
GEARS_FRANGIEH_62,Frangieh third-predictor run03,supplement_probe_existing,GEARS::frangieh::seed1::single::PPIA+ctrl,frangieh,gears_supplement,1,test,GEARS_single_heldout,PPIA+ctrl,GEARS,0.0350970067083835,gears_prediction_magnitude_risk,risk,1.584758758544922
GEARS_FRANGIEH_62,Frangieh third-predictor run03,supplement_probe_existing,GEARS::frangieh::seed1::single::PSAP+ctrl,frangieh,gears_supplement,1,test,GEARS_single_heldout,PSAP+ctrl,GEARS,0.0305460002273321,gears_uncertainty_confidence,confidence,0.1925164661870244
GEARS_FRANGIEH_62,Frangieh third-predictor run03,supplement_probe_existing,GEARS::frangieh::seed1::single::PSAP+ctrl,frangieh,gears_supplement,1,test,GEARS_single_heldout,PSAP+ctrl,GEARS,0.0305460002273321,gears_prediction_magnitude_risk,risk,1.5215388536453247
GEARS_FRANGIEH_62,Frangieh third-predictor run03,supplement_probe_existing,GEARS::frangieh::seed1::single::PTMA+ctrl,frangieh,gears_supplement,1,test,GEARS_single_heldout,PTMA+ctrl,GEARS,0.0370484665036201,gears_uncertainty_confidence,confidence,0.191921794592748
GEARS_FRANGIEH_62,Frangieh third-predictor run03,supplement_probe_existing,GEARS::frangieh::seed1::single::PTMA+ctrl,frangieh,gears_supplement,1,test,GEARS_single_heldout,PTMA+ctrl,GEARS,0.0370484665036201,gears_prediction_magnitude_risk,risk,1.5644936561584473
GEARS_FRANGIEH_62,Frangieh third-predictor run03,supplement_probe_existing,GEARS::frangieh::seed1::single::RB1+ctrl,frangieh,gears_supplement,1,test,GEARS_single_heldout,RB1+ctrl,GEARS,0.0323641672730445,gears_uncertainty_confidence,confidence,0.1898182340160386
GEARS_FRANGIEH_62,Frangieh third-predictor run03,supplement_probe_existing,GEARS::frangieh::seed1::single::RB1+ctrl,frangieh,gears_supplement,1,test,GEARS_single_heldout,RB1+ctrl,GEARS,0.0323641672730445,gears_prediction_magnitude_risk,risk,1.4813579320907593
GEARS_FRANGIEH_62,Frangieh third-predictor run03,supplement_probe_existing,GEARS::frangieh::seed1::single::RNASEH2A+ctrl,frangieh,gears_supplement,1,test,GEARS_single_heldout,RNASEH2A+ctrl,GEARS,0.049085896462202,gears_uncertainty_confidence,confidence,0.190799972329168
GEARS_FRANGIEH_62,Frangieh third-predictor run03,supplement_probe_existing,GEARS::frangieh::seed1::single::RNASEH2A+ctrl,frangieh,gears_supplement,1,test,GEARS_single_heldout,RNASEH2A+ctrl,GEARS,0.049085896462202,gears_prediction_magnitude_risk,risk,1.9748409986495967
GEARS_FRANGIEH_62,Frangieh third-predictor run03,supplement_probe_existing,GEARS::frangieh::seed1::single::SAT1+ctrl,frangieh,gears_supplement,1,test,GEARS_single_heldout,SAT1+ctrl,GEARS,0.0325564220547676,gears_uncertainty_confidence,confidence,0.2278752796945579
GEARS_FRANGIEH_62,Frangieh third-predictor run03,supplement_probe_existing,GEARS::frangieh::seed1::single::SAT1+ctrl,frangieh,gears_supplement,1,test,GEARS_single_heldout,SAT1+ctrl,GEARS,0.0325564220547676,gears_prediction_magnitude_risk,risk,1.5617254972457886
GEARS_FRANGIEH_62,Frangieh third-predictor run03,supplement_probe_existing,GEARS::frangieh::seed1::single::SCARB2+ctrl,frangieh,gears_supplement,1,test,GEARS_single_heldout,SCARB2+ctrl,GEARS,0.0336692966520786,gears_uncertainty_confidence,confidence,0.1934573799275286
GEARS_FRANGIEH_62,Frangieh third-predictor run03,supplement_probe_existing,GEARS::frangieh::seed1::single::SCARB2+ctrl,frangieh,gears_supplement,1,test,GEARS_single_heldout,SCARB2+ctrl,GEARS,0.0336692966520786,gears_prediction_magnitude_risk,risk,1.5564900636672974
GEARS_FRANGIEH_62,Frangieh third-predictor run03,supplement_probe_existing,GEARS::frangieh::seed1::single::SPESP1+ctrl,frangieh,gears_supplement,1,test,GEARS_single_heldout,SPESP1+ctrl,GEARS,0.0316908024251461,gears_uncertainty_confidence,confidence,0.1905469187644174
GEARS_FRANGIEH_62,Frangieh third-predictor run03,supplement_probe_existing,GEARS::frangieh::seed1::single::SPESP1+ctrl,frangieh,gears_supplement,1,test,GEARS_single_heldout,SPESP1+ctrl,GEARS,0.0316908024251461,gears_prediction_magnitude_risk,risk,1.552980899810791
GEARS_FRANGIEH_62,Frangieh third-predictor run03,supplement_probe_existing,GEARS::frangieh::seed1::single::TIMP2+ctrl,frangieh,gears_supplement,1,test,GEARS_single_heldout,TIMP2+ctrl,GEARS,0.0378088951110839,gears_uncertainty_confidence,confidence,0.2117052946456618
GEARS_FRANGIEH_62,Frangieh third-predictor run03,supplement_probe_existing,GEARS::frangieh::seed1::single::TIMP2+ctrl,frangieh,gears_supplement,1,test,GEARS_single_heldout,TIMP2+ctrl,GEARS,0.0378088951110839,gears_prediction_magnitude_risk,risk,1.6559683084487915
GEARS_FRANGIEH_62,Frangieh third-predictor run03,supplement_probe_existing,GEARS::frangieh::seed1::single::TXNDC17+ctrl,frangieh,gears_supplement,1,test,GEARS_single_heldout,TXNDC17+ctrl,GEARS,0.0413929037749767,gears_uncertainty_confidence,confidence,0.1931803281371247
GEARS_FRANGIEH_62,Frangieh third-predictor run03,supplement_probe_existing,GEARS::frangieh::seed1::single::TXNDC17+ctrl,frangieh,gears_supplement,1,test,GEARS_single_heldout,TXNDC17+ctrl,GEARS,0.0413929037749767,gears_prediction_magnitude_risk,risk,1.6158043146133425
GEARS_FRANGIEH_62,Frangieh third-predictor run03,supplement_probe_existing,GEARS::frangieh::seed1::single::UBC+ctrl,frangieh,gears_supplement,1,test,GEARS_single_heldout,UBC+ctrl,GEARS,0.0443117693066597,gears_uncertainty_confidence,confidence,0.2010071936515071
GEARS_FRANGIEH_62,Frangieh third-predictor run03,supplement_probe_existing,GEARS::frangieh::seed1::single::UBC+ctrl,frangieh,gears_supplement,1,test,GEARS_single_heldout,UBC+ctrl,GEARS,0.0443117693066597,gears_prediction_magnitude_risk,risk,1.939029097557068
GEARS_FRANGIEH_62,Frangieh third-predictor run03,supplement_probe_existing,GEARS::frangieh::seed2::single::APOE+ctrl,frangieh,gears_supplement,2,test,GEARS_single_heldout,APOE+ctrl,GEARS,0.0312539115548133,gears_uncertainty_confidence,confidence,0.2109417091144008
GEARS_FRANGIEH_62,Frangieh third-predictor run03,supplement_probe_existing,GEARS::frangieh::seed2::single::APOE+ctrl,frangieh,gears_supplement,2,test,GEARS_single_heldout,APOE+ctrl,GEARS,0.0312539115548133,gears_prediction_magnitude_risk,risk,1.541877269744873
GEARS_FRANGIEH_62,Frangieh third-predictor run03,supplement_probe_existing,GEARS::frangieh::seed2::single::C1QBP+ctrl,frangieh,gears_supplement,2,test,GEARS_single_heldout,C1QBP+ctrl,GEARS,0.0419213846325874,gears_uncertainty_confidence,confidence,0.2087270468172428
GEARS_FRANGIEH_62,Frangieh third-predictor run03,supplement_probe_existing,GEARS::frangieh::seed2::single::C1QBP+ctrl,frangieh,gears_supplement,2,test,GEARS_single_heldout,C1QBP+ctrl,GEARS,0.0419213846325874,gears_prediction_magnitude_risk,risk,1.7619386911392212
GEARS_FRANGIEH_62,Frangieh third-predictor run03,supplement_probe_existing,GEARS::frangieh::seed2::single::CD274+ctrl,frangieh,gears_supplement,2,test,GEARS_single_heldout,CD274+ctrl,GEARS,0.0307239759713411,gears_uncertainty_confidence,confidence,0.2080216119074585
GEARS_FRANGIEH_62,Frangieh third-predictor run03,supplement_probe_existing,GEARS::frangieh::seed2::single::CD274+ctrl,frangieh,gears_supplement,2,test,GEARS_single_heldout,CD274+ctrl,GEARS,0.0307239759713411,gears_prediction_magnitude_risk,risk,1.495345950126648
GEARS_FRANGIEH_62,Frangieh third-predictor run03,supplement_probe_existing,GEARS::frangieh::seed2::single::CDK6+ctrl,frangieh,gears_supplement,2,test,GEARS_single_heldout,CDK6+ctrl,GEARS,0.0551364794373512,gears_uncertainty_confidence,confidence,0.2006979395728977
GEARS_FRANGIEH_62,Frangieh third-predictor run03,supplement_probe_existing,GEARS::frangieh::seed2::single::CDK6+ctrl,frangieh,gears_supplement,2,test,GEARS_single_heldout,CDK6+ctrl,GEARS,0.0551364794373512,gears_prediction_magnitude_risk,risk,2.019111156463623
GEARS_FRANGIEH_62,Frangieh third-predictor run03,supplement_probe_existing,GEARS::frangieh::seed2::single::CKS1B+ctrl,frangieh,gears_supplement,2,test,GEARS_single_heldout,CKS1B+ctrl,GEARS,0.0348323173820972,gears_uncertainty_confidence,confidence,0.2097496642795819
GEARS_FRANGIEH_62,Frangieh third-predictor run03,supplement_probe_existing,GEARS::frangieh::seed2::single::CKS1B+ctrl,frangieh,gears_supplement,2,test,GEARS_single_heldout,CKS1B+ctrl,GEARS,0.0348323173820972,gears_prediction_magnitude_risk,risk,1.6122244596481323
GEARS_FRANGIEH_62,Frangieh third-predictor run03,supplement_probe_existing,GEARS::frangieh::seed2::single::CTSA+ctrl,frangieh,gears_supplement,2,test,GEARS_single_heldout,CTSA+ctrl,GEARS,0.0344728976488113,gears_uncertainty_confidence,confidence,0.2148492477015295
GEARS_FRANGIEH_62,Frangieh third-predictor run03,supplement_probe_existing,GEARS::frangieh::seed2::single::CTSA+ctrl,frangieh,gears_supplement,2,test,GEARS_single_heldout,CTSA+ctrl,GEARS,0.0344728976488113,gears_prediction_magnitude_risk,risk,1.583437204360962
GEARS_FRANGIEH_62,Frangieh third-predictor run03,supplement_probe_existing,GEARS::frangieh::seed2::single::CTSO+ctrl,frangieh,gears_supplement,2,test,GEARS_single_heldout,CTSO+ctrl,GEARS,0.0315341465175151,gears_uncertainty_confidence,confidence,0.2062686221270382
GEARS_FRANGIEH_62,Frangieh third-predictor run03,supplement_probe_existing,GEARS::frangieh::seed2::single::CTSO+ctrl,frangieh,gears_supplement,2,test,GEARS_single_heldout,CTSO+ctrl,GEARS,0.0315341465175151,gears_prediction_magnitude_risk,risk,1.534446358680725
GEARS_FRANGIEH_62,Frangieh third-predictor run03,supplement_probe_existing,GEARS::frangieh::seed2::single::EVA1A+ctrl,frangieh,gears_supplement,2,test,GEARS_single_heldout,EVA1A+ctrl,GEARS,0.0330055654048919,gears_uncertainty_confidence,confidence,0.208383134940757
GEARS_FRANGIEH_62,Frangieh third-predictor run03,supplement_probe_existing,GEARS::frangieh::seed2::single::EVA1A+ctrl,frangieh,gears_supplement,2,test,GEARS_single_heldout,EVA1A+ctrl,GEARS,0.0330055654048919,gears_prediction_magnitude_risk,risk,1.61006760597229
GEARS_FRANGIEH_62,Frangieh third-predictor run03,supplement_probe_existing,GEARS::frangieh::seed2::single::FSTL3+ctrl,frangieh,gears_supplement,2,test,GEARS_single_heldout,FSTL3+ctrl,GEARS,0.0306529141962528,gears_uncertainty_confidence,confidence,0.2084970381453097
GEARS_FRANGIEH_62,Frangieh third-predictor run03,supplement_probe_existing,GEARS::frangieh::seed2::single::FSTL3+ctrl,frangieh,gears_supplement,2,test,GEARS_single_heldout,FSTL3+ctrl,GEARS,0.0306529141962528,gears_prediction_magnitude_risk,risk,1.5060796737670898
GEARS_FRANGIEH_62,Frangieh third-predictor run03,supplement_probe_existing,GEARS::frangieh::seed2::single::GPATCH4+ctrl,frangieh,gears_supplement,2,test,GEARS_single_heldout,GPATCH4+ctrl,GEARS,0.0382825620472431,gears_uncertainty_confidence,confidence,0.2140849644159714
GEARS_FRANGIEH_62,Frangieh third-predictor run03,supplement_probe_existing,GEARS::frangieh::seed2::single::GPATCH4+ctrl,frangieh,gears_supplement,2,test,GEARS_single_heldout,GPATCH4+ctrl,GEARS,0.0382825620472431,gears_prediction_magnitude_risk,risk,1.717734456062317
GEARS_FRANGIEH_62,Frangieh third-predictor run03,supplement_probe_existing,GEARS::frangieh::seed2::single::ISYNA1+ctrl,frangieh,gears_supplement,2,test,GEARS_single_heldout,ISYNA1+ctrl,GEARS,0.0377372205257415,gears_uncertainty_confidence,confidence,0.2167070884409955
GEARS_FRANGIEH_62,Frangieh third-predictor run03,supplement_probe_existing,GEARS::frangieh::seed2::single::ISYNA1+ctrl,frangieh,gears_supplement,2,test,GEARS_single_heldout,ISYNA1+ctrl,GEARS,0.0377372205257415,gears_prediction_magnitude_risk,risk,1.7056010961532593
GEARS_FRANGIEH_62,Frangieh third-predictor run03,supplement_probe_existing,GEARS::frangieh::seed2::single::LCP1+ctrl,frangieh,gears_supplement,2,test,GEARS_single_heldout,LCP1+ctrl,GEARS,0.0311819817870855,gears_uncertainty_confidence,confidence,0.2106598325629903
GEARS_FRANGIEH_62,Frangieh third-predictor run03,supplement_probe_existing,GEARS::frangieh::seed2::single::LCP1+ctrl,frangieh,gears_supplement,2,test,GEARS_single_heldout,LCP1+ctrl,GEARS,0.0311819817870855,gears_prediction_magnitude_risk,risk,1.52097487449646
GEARS_FRANGIEH_62,Frangieh third-predictor run03,supplement_probe_existing,GEARS::frangieh::seed2::single::NACA+ctrl,frangieh,gears_supplement,2,test,GEARS_single_heldout,NACA+ctrl,GEARS,0.0882778838276863,gears_uncertainty_confidence,confidence,0.2143150569546483
GEARS_FRANGIEH_62,Frangieh third-predictor run03,supplement_probe_existing,GEARS::frangieh::seed2::single::NACA+ctrl,frangieh,gears_supplement,2,test,GEARS_single_heldout,NACA+ctrl,GEARS,0.0882778838276863,gears_prediction_magnitude_risk,risk,3.134272813796997
GEARS_FRANGIEH_62,Frangieh third-predictor run03,supplement_probe_existing,GEARS::frangieh::seed2::single::NPC1+ctrl,frangieh,gears_supplement,2,test,GEARS_single_heldout,NPC1+ctrl,GEARS,0.0370332486927509,gears_uncertainty_confidence,confidence,0.2022751676980869
GEARS_FRANGIEH_62,Frangieh third-predictor run03,supplement_probe_existing,GEARS::frangieh::seed2::single::NPC1+ctrl,frangieh,gears_supplement,2,test,GEARS_single_heldout,NPC1+ctrl,GEARS,0.0370332486927509,gears_prediction_magnitude_risk,risk,1.5696581602096558
GEARS_FRANGIEH_62,Frangieh third-predictor run03,supplement_probe_existing,GEARS::frangieh::seed2::single::ROMO1+ctrl,frangieh,gears_supplement,2,test,GEARS_single_heldout,ROMO1+ctrl,GEARS,0.0648803189396858,gears_uncertainty_confidence,confidence,0.221964976738007
GEARS_FRANGIEH_62,Frangieh third-predictor run03,supplement_probe_existing,GEARS::frangieh::seed2::single::ROMO1+ctrl,frangieh,gears_supplement,2,test,GEARS_single_heldout,ROMO1+ctrl,GEARS,0.0648803189396858,gears_prediction_magnitude_risk,risk,2.5392160415649414
GEARS_FRANGIEH_62,Frangieh third-predictor run03,supplement_probe_existing,GEARS::frangieh::seed2::single::SERPINE2+ctrl,frangieh,gears_supplement,2,test,GEARS_single_heldout,SERPINE2+ctrl,GEARS,0.0354525409638881,gears_uncertainty_confidence,confidence,0.2167872646133825
GEARS_FRANGIEH_62,Frangieh third-predictor run03,supplement_probe_existing,GEARS::frangieh::seed2::single::SERPINE2+ctrl,frangieh,gears_supplement,2,test,GEARS_single_heldout,SERPINE2+ctrl,GEARS,0.0354525409638881,gears_prediction_magnitude_risk,risk,1.6413655281066897
GEARS_FRANGIEH_62,Frangieh third-predictor run03,supplement_probe_existing,GEARS::frangieh::seed2::single::SLC19A1+ctrl,frangieh,gears_supplement,2,test,GEARS_single_heldout,SLC19A1+ctrl,GEARS,0.0346565619111061,gears_uncertainty_confidence,confidence,0.2069128532948791
GEARS_FRANGIEH_62,Frangieh third-predictor run03,supplement_probe_existing,GEARS::frangieh::seed2::single::SLC19A1+ctrl,frangieh,gears_supplement,2,test,GEARS_single_heldout,SLC19A1+ctrl,GEARS,0.0346565619111061,gears_prediction_magnitude_risk,risk,1.6455718278884888
GEARS_FRANGIEH_62,Frangieh third-predictor run03,supplement_probe_existing,GEARS::frangieh::seed2::single::SLC22A18+ctrl,frangieh,gears_supplement,2,test,GEARS_single_heldout,SLC22A18+ctrl,GEARS,0.0304981172084808,gears_uncertainty_confidence,confidence,0.2069081174897022
GEARS_FRANGIEH_62,Frangieh third-predictor run03,supplement_probe_existing,GEARS::frangieh::seed2::single::SLC22A18+ctrl,frangieh,gears_supplement,2,test,GEARS_single_heldout,SLC22A18+ctrl,GEARS,0.0304981172084808,gears_prediction_magnitude_risk,risk,1.4771690368652344
GEARS_FRANGIEH_62,Frangieh third-predictor run03,supplement_probe_existing,GEARS::frangieh::seed2::single::SP100+ctrl,frangieh,gears_supplement,2,test,GEARS_single_heldout,SP100+ctrl,GEARS,0.0344304330646991,gears_uncertainty_confidence,confidence,0.2110599797433929
GEARS_FRANGIEH_62,Frangieh third-predictor run03,supplement_probe_existing,GEARS::frangieh::seed2::single::SP100+ctrl,frangieh,gears_supplement,2,test,GEARS_single_heldout,SP100+ctrl,GEARS,0.0344304330646991,gears_prediction_magnitude_risk,risk,1.561103582382202
GEARS_FRANGIEH_62,Frangieh third-predictor run03,supplement_probe_existing,GEARS::frangieh::seed2::single::WBP2+ctrl,frangieh,gears_supplement,2,test,GEARS_single_heldout,WBP2+ctrl,GEARS,0.032621294260025,gears_uncertainty_confidence,confidence,0.2113323143674624
GEARS_FRANGIEH_62,Frangieh third-predictor run03,supplement_probe_existing,GEARS::frangieh::seed2::single::WBP2+ctrl,frangieh,gears_supplement,2,test,GEARS_single_heldout,WBP2+ctrl,GEARS,0.032621294260025,gears_prediction_magnitude_risk,risk,1.563407063484192
GEARS_FRANGIEH_62,Frangieh third-predictor run03,supplement_probe_existing,GEARS::frangieh::seed3::single::A2M+ctrl,frangieh,gears_supplement,3,test,GEARS_single_heldout,A2M+ctrl,GEARS,0.0292454771697521,gears_uncertainty_confidence,confidence,0.1061412997038914
GEARS_FRANGIEH_62,Frangieh third-predictor run03,supplement_probe_existing,GEARS::frangieh::seed3::single::A2M+ctrl,frangieh,gears_supplement,3,test,GEARS_single_heldout,A2M+ctrl,GEARS,0.0292454771697521,gears_prediction_magnitude_risk,risk,1.4337414503097534
GEARS_FRANGIEH_62,Frangieh third-predictor run03,supplement_probe_existing,GEARS::frangieh::seed3::single::CD151+ctrl,frangieh,gears_supplement,3,test,GEARS_single_heldout,CD151+ctrl,GEARS,0.0313300564885139,gears_uncertainty_confidence,confidence,0.1064111516734846
GEARS_FRANGIEH_62,Frangieh third-predictor run03,supplement_probe_existing,GEARS::frangieh::seed3::single::CD151+ctrl,frangieh,gears_supplement,3,test,GEARS_single_heldout,CD151+ctrl,GEARS,0.0313300564885139,gears_prediction_magnitude_risk,risk,1.477241039276123
GEARS_FRANGIEH_62,Frangieh third-predictor run03,supplement_probe_existing,GEARS::frangieh::seed3::single::CD59+ctrl,frangieh,gears_supplement,3,test,GEARS_single_heldout,CD59+ctrl,GEARS,0.0292426943778991,gears_uncertainty_confidence,confidence,0.1054642788270602
GEARS_FRANGIEH_62,Frangieh third-predictor run03,supplement_probe_existing,GEARS::frangieh::seed3::single::CD59+ctrl,frangieh,gears_supplement,3,test,GEARS_single_heldout,CD59+ctrl,GEARS,0.0292426943778991,gears_prediction_magnitude_risk,risk,1.3985962867736816
GEARS_FRANGIEH_62,Frangieh third-predictor run03,supplement_probe_existing,GEARS::frangieh::seed3::single::IRF3+ctrl,frangieh,gears_supplement,3,test,GEARS_single_heldout,IRF3+ctrl,GEARS,0.031702771782875,gears_uncertainty_confidence,confidence,0.1072178776789657
GEARS_FRANGIEH_62,Frangieh third-predictor run03,supplement_probe_existing,GEARS::frangieh::seed3::single::IRF3+ctrl,frangieh,gears_supplement,3,test,GEARS_single_heldout,IRF3+ctrl,GEARS,0.031702771782875,gears_prediction_magnitude_risk,risk,1.486943244934082
GEARS_FRANGIEH_62,Frangieh third-predictor run03,supplement_probe_existing,GEARS::frangieh::seed3::single::LGALS3BP+ctrl,frangieh,gears_supplement,3,test,GEARS_single_heldout,LGALS3BP+ctrl,GEARS,0.0325827226042747,gears_uncertainty_confidence,confidence,0.1075726349696525
GEARS_FRANGIEH_62,Frangieh third-predictor run03,supplement_probe_existing,GEARS::frangieh::seed3::single::LGALS3BP+ctrl,frangieh,gears_supplement,3,test,GEARS_single_heldout,LGALS3BP+ctrl,GEARS,0.0325827226042747,gears_prediction_magnitude_risk,risk,1.5017033815383911
GEARS_FRANGIEH_62,Frangieh third-predictor run03,supplement_probe_existing,GEARS::frangieh::seed3::single::LRPAP1+ctrl,frangieh,gears_supplement,3,test,GEARS_single_heldout,LRPAP1+ctrl,GEARS,0.0314566567540168,gears_uncertainty_confidence,confidence,0.1062644344324892
GEARS_FRANGIEH_62,Frangieh third-predictor run03,supplement_probe_existing,GEARS::frangieh::seed3::single::LRPAP1+ctrl,frangieh,gears_supplement,3,test,GEARS_single_heldout,LRPAP1+ctrl,GEARS,0.0314566567540168,gears_prediction_magnitude_risk,risk,1.4131300449371338
GEARS_FRANGIEH_62,Frangieh third-predictor run03,supplement_probe_existing,GEARS::frangieh::seed3::single::NGFR+ctrl,frangieh,gears_supplement,3,test,GEARS_single_heldout,NGFR+ctrl,GEARS,0.033881414681673,gears_uncertainty_confidence,confidence,0.1062769508648002
GEARS_FRANGIEH_62,Frangieh third-predictor run03,supplement_probe_existing,GEARS::frangieh::seed3::single::NGFR+ctrl,frangieh,gears_supplement,3,test,GEARS_single_heldout,NGFR+ctrl,GEARS,0.033881414681673,gears_prediction_magnitude_risk,risk,1.555355668067932
GEARS_FRANGIEH_62,Frangieh third-predictor run03,supplement_probe_existing,GEARS::frangieh::seed3::single::PET100+ctrl,frangieh,gears_supplement,3,test,GEARS_single_heldout,PET100+ctrl,GEARS,0.0434290692210197,gears_uncertainty_confidence,confidence,0.1062995804645813
GEARS_FRANGIEH_62,Frangieh third-predictor run03,supplement_probe_existing,GEARS::frangieh::seed3::single::PET100+ctrl,frangieh,gears_supplement,3,test,GEARS_single_heldout,PET100+ctrl,GEARS,0.0434290692210197,gears_prediction_magnitude_risk,risk,1.792259693145752
GEARS_FRANGIEH_62,Frangieh third-predictor run03,supplement_probe_existing,GEARS::frangieh::seed3::single::PROS1+ctrl,frangieh,gears_supplement,3,test,GEARS_single_heldout,PROS1+ctrl,GEARS,0.0332672782242298,gears_uncertainty_confidence,confidence,0.1062096480566997
GEARS_FRANGIEH_62,Frangieh third-predictor run03,supplement_probe_existing,GEARS::frangieh::seed3::single::PROS1+ctrl,frangieh,gears_supplement,3,test,GEARS_single_heldout,PROS1+ctrl,GEARS,0.0332672782242298,gears_prediction_magnitude_risk,risk,1.5456809997558594
GEARS_FRANGIEH_62,Frangieh third-predictor run03,supplement_probe_existing,GEARS::frangieh::seed3::single::PYGB+ctrl,frangieh,gears_supplement,3,test,GEARS_single_heldout,PYGB+ctrl,GEARS,0.0332454815506935,gears_uncertainty_confidence,confidence,0.1055588147420274
GEARS_FRANGIEH_62,Frangieh third-predictor run03,supplement_probe_existing,GEARS::frangieh::seed3::single::PYGB+ctrl,frangieh,gears_supplement,3,test,GEARS_single_heldout,PYGB+ctrl,GEARS,0.0332454815506935,gears_prediction_magnitude_risk,risk,1.5123907327651978
GEARS_FRANGIEH_62,Frangieh third-predictor run03,supplement_probe_existing,GEARS::frangieh::seed3::single::RNF213+ctrl,frangieh,gears_supplement,3,test,GEARS_single_heldout,RNF213+ctrl,GEARS,0.0315115936100482,gears_uncertainty_confidence,confidence,0.1060135810146642
GEARS_FRANGIEH_62,Frangieh third-predictor run03,supplement_probe_existing,GEARS::frangieh::seed3::single::RNF213+ctrl,frangieh,gears_supplement,3,test,GEARS_single_heldout,RNF213+ctrl,GEARS,0.0315115936100482,gears_prediction_magnitude_risk,risk,1.515695571899414
GEARS_FRANGIEH_62,Frangieh third-predictor run03,supplement_probe_existing,GEARS::frangieh::seed3::single::ROMO1+ctrl,frangieh,gears_supplement,3,test,GEARS_single_heldout,ROMO1+ctrl,GEARS,0.0644710585474968,gears_uncertainty_confidence,confidence,0.1059617786800309
GEARS_FRANGIEH_62,Frangieh third-predictor run03,supplement_probe_existing,GEARS::frangieh::seed3::single::ROMO1+ctrl,frangieh,gears_supplement,3,test,GEARS_single_heldout,ROMO1+ctrl,GEARS,0.0644710585474968,gears_prediction_magnitude_risk,risk,2.486659288406372
GEARS_FRANGIEH_62,Frangieh third-predictor run03,supplement_probe_existing,GEARS::frangieh::seed3::single::RPSA+ctrl,frangieh,gears_supplement,3,test,GEARS_single_heldout,RPSA+ctrl,GEARS,0.0397548377513885,gears_uncertainty_confidence,confidence,0.1039232680928307
GEARS_FRANGIEH_62,Frangieh third-predictor run03,supplement_probe_existing,GEARS::frangieh::seed3::single::RPSA+ctrl,frangieh,gears_supplement,3,test,GEARS_single_heldout,RPSA+ctrl,GEARS,0.0397548377513885,gears_prediction_magnitude_risk,risk,1.753417730331421
GEARS_FRANGIEH_62,Frangieh third-predictor run03,supplement_probe_existing,GEARS::frangieh::seed3::single::RUVBL2+ctrl,frangieh,gears_supplement,3,test,GEARS_single_heldout,RUVBL2+ctrl,GEARS,0.0869547724723815,gears_uncertainty_confidence,confidence,0.1061286980352058
GEARS_FRANGIEH_62,Frangieh third-predictor run03,supplement_probe_existing,GEARS::frangieh::seed3::single::RUVBL2+ctrl,frangieh,gears_supplement,3,test,GEARS_single_heldout,RUVBL2+ctrl,GEARS,0.0869547724723815,gears_prediction_magnitude_risk,risk,3.349443197250366
GEARS_FRANGIEH_62,Frangieh third-predictor run03,supplement_probe_existing,GEARS::frangieh::seed3::single::SHMT2+ctrl,frangieh,gears_supplement,3,test,GEARS_single_heldout,SHMT2+ctrl,GEARS,0.0353535749018192,gears_uncertainty_confidence,confidence,0.1062747971226563
GEARS_FRANGIEH_62,Frangieh third-predictor run03,supplement_probe_existing,GEARS::frangieh::seed3::single::SHMT2+ctrl,frangieh,gears_supplement,3,test,GEARS_single_heldout,SHMT2+ctrl,GEARS,0.0353535749018192,gears_prediction_magnitude_risk,risk,1.5644415616989136
GEARS_FRANGIEH_62,Frangieh third-predictor run03,supplement_probe_existing,GEARS::frangieh::seed3::single::SLC19A1+ctrl,frangieh,gears_supplement,3,test,GEARS_single_heldout,SLC19A1+ctrl,GEARS,0.0332981422543525,gears_uncertainty_confidence,confidence,0.1062617742471629
GEARS_FRANGIEH_62,Frangieh third-predictor run03,supplement_probe_existing,GEARS::frangieh::seed3::single::SLC19A1+ctrl,frangieh,gears_supplement,3,test,GEARS_single_heldout,SLC19A1+ctrl,GEARS,0.0332981422543525,gears_prediction_magnitude_risk,risk,1.543889403343201
GEARS_FRANGIEH_62,Frangieh third-predictor run03,supplement_probe_existing,GEARS::frangieh::seed3::single::SLC25A13+ctrl,frangieh,gears_supplement,3,test,GEARS_single_heldout,SLC25A13+ctrl,GEARS,0.0304812937974929,gears_uncertainty_confidence,confidence,0.1059869438715226
GEARS_FRANGIEH_62,Frangieh third-predictor run03,supplement_probe_existing,GEARS::frangieh::seed3::single::SLC25A13+ctrl,frangieh,gears_supplement,3,test,GEARS_single_heldout,SLC25A13+ctrl,GEARS,0.0304812937974929,gears_prediction_magnitude_risk,risk,1.469913363456726
GEARS_FRANGIEH_62,Frangieh third-predictor run03,supplement_probe_existing,GEARS::frangieh::seed3::single::SLIRP+ctrl,frangieh,gears_supplement,3,test,GEARS_single_heldout,SLIRP+ctrl,GEARS,0.0376833118498325,gears_uncertainty_confidence,confidence,0.1059418478451611
GEARS_FRANGIEH_62,Frangieh third-predictor run03,supplement_probe_existing,GEARS::frangieh::seed3::single::SLIRP+ctrl,frangieh,gears_supplement,3,test,GEARS_single_heldout,SLIRP+ctrl,GEARS,0.0376833118498325,gears_prediction_magnitude_risk,risk,1.6299729347229004
GEARS_FRANGIEH_62,Frangieh third-predictor run03,supplement_probe_existing,GEARS::frangieh::seed3::single::STOM+ctrl,frangieh,gears_supplement,3,test,GEARS_single_heldout,STOM+ctrl,GEARS,0.0319517962634563,gears_uncertainty_confidence,confidence,0.1056321018396593
GEARS_FRANGIEH_62,Frangieh third-predictor run03,supplement_probe_existing,GEARS::frangieh::seed3::single::STOM+ctrl,frangieh,gears_supplement,3,test,GEARS_single_heldout,STOM+ctrl,GEARS,0.0319517962634563,gears_prediction_magnitude_risk,risk,1.4549553394317627
GEARS_FRANGIEH_62,Frangieh third-predictor run03,supplement_probe_existing,GEARS::frangieh::seed3::single::TRIM22+ctrl,frangieh,gears_supplement,3,test,GEARS_single_heldout,TRIM22+ctrl,GEARS,0.0323925167322158,gears_uncertainty_confidence,confidence,0.1062489049576569
GEARS_FRANGIEH_62,Frangieh third-predictor run03,supplement_probe_existing,GEARS::frangieh::seed3::single::TRIM22+ctrl,frangieh,gears_supplement,3,test,GEARS_single_heldout,TRIM22+ctrl,GEARS,0.0323925167322158,gears_prediction_magnitude_risk,risk,1.5141369104385376
GEARS_FRANGIEH_62,Frangieh third-predictor run03,supplement_probe_existing,GEARS::frangieh::seed3::single::TTLL1+ctrl,frangieh,gears_supplement,3,test,GEARS_single_heldout,TTLL1+ctrl,GEARS,0.0290820691734552,gears_uncertainty_confidence,confidence,0.1063577096743553
GEARS_FRANGIEH_62,Frangieh third-predictor run03,supplement_probe_existing,GEARS::frangieh::seed3::single::TTLL1+ctrl,frangieh,gears_supplement,3,test,GEARS_single_heldout,TTLL1+ctrl,GEARS,0.0290820691734552,gears_prediction_magnitude_risk,risk,1.4246383905410769
