record_id,task_id,task_key,dataset_name,fold_id,split,context,perturbation,predictor_name,predicted_effect_key,true_effect_key,true_error_rmse,true_error_cosine,gears_uncertainty_logvar_mean,gears_uncertainty_confidence,n_cells
GEARS::frangieh::seed1::single::CCT3+ctrl,CCT3+ctrl,frangieh::CCT3+ctrl,frangieh,1,test,GEARS_single_heldout,CCT3+ctrl,GEARS,GEARS::frangieh::seed1::single::CCT3+ctrl::pred,GEARS::frangieh::seed1::single::CCT3+ctrl::true,0.0634404718875885,0.9453793784159239,3.27034592628479,0.03799328192681531,110
GEARS::frangieh::seed1::single::CD58+ctrl,CD58+ctrl,frangieh::CD58+ctrl,frangieh,1,test,GEARS_single_heldout,CD58+ctrl,GEARS,GEARS::frangieh::seed1::single::CD58+ctrl::pred,GEARS::frangieh::seed1::single::CD58+ctrl::true,0.03429706022143364,0.8754062829426723,3.2702603340148926,0.03799653399723034,636
GEARS::frangieh::seed1::single::CKS1B+ctrl,CKS1B+ctrl,frangieh::CKS1B+ctrl,frangieh,1,test,GEARS_single_heldout,CKS1B+ctrl,GEARS,GEARS::frangieh::seed1::single::CKS1B+ctrl::pred,GEARS::frangieh::seed1::single::CKS1B+ctrl::true,0.03399162366986275,0.8289267278226489,3.2695250511169434,0.038024482472618665,581
GEARS::frangieh::seed1::single::FRZB+ctrl,FRZB+ctrl,frangieh::FRZB+ctrl,frangieh,1,test,GEARS_single_heldout,FRZB+ctrl,GEARS,GEARS::frangieh::seed1::single::FRZB+ctrl::pred,GEARS::frangieh::seed1::single::FRZB+ctrl::true,0.03447580710053444,0.8447197197349219,3.2708399295806885,0.037974517755484306,487
GEARS::frangieh::seed1::single::FSTL3+ctrl,FSTL3+ctrl,frangieh::FSTL3+ctrl,frangieh,1,test,GEARS_single_heldout,FSTL3+ctrl,GEARS,GEARS::frangieh::seed1::single::FSTL3+ctrl::pred,GEARS::frangieh::seed1::single::FSTL3+ctrl::true,0.029433824121952057,0.7863492231814301,3.269871711730957,0.03801130316668228,708
GEARS::frangieh::seed1::single::GSN+ctrl,GSN+ctrl,frangieh::GSN+ctrl,frangieh,1,test,GEARS_single_heldout,GSN+ctrl,GEARS,GEARS::frangieh::seed1::single::GSN+ctrl::pred,GEARS::frangieh::seed1::single::GSN+ctrl::true,0.030974270775914192,0.8236779648862637,3.270040988922119,0.03800486926462161,691
GEARS::frangieh::seed1::single::KDR+ctrl,KDR+ctrl,frangieh::KDR+ctrl,frangieh,1,test,GEARS_single_heldout,KDR+ctrl,GEARS,GEARS::frangieh::seed1::single::KDR+ctrl::pred,GEARS::frangieh::seed1::single::KDR+ctrl::true,0.03160497918725014,0.8504211357120384,3.2698287963867188,0.03801293446984634,653
GEARS::frangieh::seed1::single::PABPC1+ctrl,PABPC1+ctrl,frangieh::PABPC1+ctrl,frangieh,1,test,GEARS_single_heldout,PABPC1+ctrl,GEARS,GEARS::frangieh::seed1::single::PABPC1+ctrl::pred,GEARS::frangieh::seed1::single::PABPC1+ctrl::true,0.05610160529613495,0.9452881935822746,3.2699062824249268,0.038009989112267134,193
GEARS::frangieh::seed1::single::PFN1+ctrl,PFN1+ctrl,frangieh::PFN1+ctrl,frangieh,1,test,GEARS_single_heldout,PFN1+ctrl,GEARS,GEARS::frangieh::seed1::single::PFN1+ctrl::pred,GEARS::frangieh::seed1::single::PFN1+ctrl::true,0.04704608768224716,0.9466719659888396,3.2701826095581055,0.0379994873719683,280
GEARS::frangieh::seed1::single::PIK3IP1+ctrl,PIK3IP1+ctrl,frangieh::PIK3IP1+ctrl,frangieh,1,test,GEARS_single_heldout,PIK3IP1+ctrl,GEARS,GEARS::frangieh::seed1::single::PIK3IP1+ctrl::pred,GEARS::frangieh::seed1::single::PIK3IP1+ctrl::true,0.033435799181461334,0.8421724283382951,3.2700905799865723,0.03800298460943179,501
GEARS::frangieh::seed1::single::PPIA+ctrl,PPIA+ctrl,frangieh::PPIA+ctrl,frangieh,1,test,GEARS_single_heldout,PPIA+ctrl,GEARS,GEARS::frangieh::seed1::single::PPIA+ctrl::pred,GEARS::frangieh::seed1::single::PPIA+ctrl::true,0.034445978701114655,0.8592613411580452,3.270132064819336,0.0380014080946717,499
GEARS::frangieh::seed1::single::PSAP+ctrl,PSAP+ctrl,frangieh::PSAP+ctrl,frangieh,1,test,GEARS_single_heldout,PSAP+ctrl,GEARS,GEARS::frangieh::seed1::single::PSAP+ctrl::pred,GEARS::frangieh::seed1::single::PSAP+ctrl::true,0.029951270669698715,0.7634596166387396,3.2698280811309814,0.038012961658825534,733
GEARS::frangieh::seed1::single::PTMA+ctrl,PTMA+ctrl,frangieh::PTMA+ctrl,frangieh,1,test,GEARS_single_heldout,PTMA+ctrl,GEARS,GEARS::frangieh::seed1::single::PTMA+ctrl::pred,GEARS::frangieh::seed1::single::PTMA+ctrl::true,0.036450181156396866,0.8819503876580748,3.270932912826538,0.037970986925720374,572
GEARS::frangieh::seed1::single::RB1+ctrl,RB1+ctrl,frangieh::RB1+ctrl,frangieh,1,test,GEARS_single_heldout,RB1+ctrl,GEARS,GEARS::frangieh::seed1::single::RB1+ctrl::pred,GEARS::frangieh::seed1::single::RB1+ctrl::true,0.03102317452430725,0.8568065532531283,3.269721269607544,0.038017022098017675,710
GEARS::frangieh::seed1::single::RNASEH2A+ctrl,RNASEH2A+ctrl,frangieh::RNASEH2A+ctrl,frangieh,1,test,GEARS_single_heldout,RNASEH2A+ctrl,GEARS,GEARS::frangieh::seed1::single::RNASEH2A+ctrl::pred,GEARS::frangieh::seed1::single::RNASEH2A+ctrl::true,0.04896097257733345,0.9386998507327746,3.269880533218384,0.03801096785192831,268
GEARS::frangieh::seed1::single::SAT1+ctrl,SAT1+ctrl,frangieh::SAT1+ctrl,frangieh,1,test,GEARS_single_heldout,SAT1+ctrl,GEARS,GEARS::frangieh::seed1::single::SAT1+ctrl::pred,GEARS::frangieh::seed1::single::SAT1+ctrl::true,0.03205886110663414,0.7962394417368049,3.270566940307617,0.03798488580660059,576
GEARS::frangieh::seed1::single::SCARB2+ctrl,SCARB2+ctrl,frangieh::SCARB2+ctrl,frangieh,1,test,GEARS_single_heldout,SCARB2+ctrl,GEARS,GEARS::frangieh::seed1::single::SCARB2+ctrl::pred,GEARS::frangieh::seed1::single::SCARB2+ctrl::true,0.03273726627230644,0.8138576307764682,3.2706966400146484,0.03797995949751718,578
GEARS::frangieh::seed1::single::SPESP1+ctrl,SPESP1+ctrl,frangieh::SPESP1+ctrl,frangieh,1,test,GEARS_single_heldout,SPESP1+ctrl,GEARS,GEARS::frangieh::seed1::single::SPESP1+ctrl::pred,GEARS::frangieh::seed1::single::SPESP1+ctrl::true,0.031074022874236107,0.7726272747287358,3.2698540687561035,0.03801197380506421,634
GEARS::frangieh::seed1::single::TIMP2+ctrl,TIMP2+ctrl,frangieh::TIMP2+ctrl,frangieh,1,test,GEARS_single_heldout,TIMP2+ctrl,GEARS,GEARS::frangieh::seed1::single::TIMP2+ctrl::pred,GEARS::frangieh::seed1::single::TIMP2+ctrl::true,0.036803703755140305,0.8998333192138221,3.2743465900421143,0.03784158722286771,464
GEARS::frangieh::seed1::single::TXNDC17+ctrl,TXNDC17+ctrl,frangieh::TXNDC17+ctrl,frangieh,1,test,GEARS_single_heldout,TXNDC17+ctrl,GEARS,GEARS::frangieh::seed1::single::TXNDC17+ctrl::pred,GEARS::frangieh::seed1::single::TXNDC17+ctrl::true,0.03960384801030159,0.8470413816927544,3.269805431365967,0.03801382265322524,523
GEARS::frangieh::seed1::single::UBC+ctrl,UBC+ctrl,frangieh::UBC+ctrl,frangieh,1,test,GEARS_single_heldout,UBC+ctrl,GEARS,GEARS::frangieh::seed1::single::UBC+ctrl::pred,GEARS::frangieh::seed1::single::UBC+ctrl::true,0.04397683963179588,0.8891294817303539,3.2700881958007812,0.03800307521571572,250
