pair_group,source_dataset,target_dataset,directional_pair,n_target_tasks,n_common_genes,shared_perturbation_tasks,mean_error_combined_rmse,mean_nearest_context_similarity,score_col,spearman_vs_error,top20_k,top20_mean_error,top20_error_enrichment
hard_chemical_cross_dataset,KaggleCrossCell_celltype,McFarland_cellline,KaggleCrossCell_celltype -> McFarland_cellline,42,1000,0,0.20047552442178418,0.6014553735317766,risk_cross_dataset,0.6024710710399187,9,0.2735945413184578,1.364727899366095
hard_chemical_cross_dataset,KaggleCrossCell_celltype,McFarland_cellline,KaggleCrossCell_celltype -> McFarland_cellline,42,1000,0,0.20047552442178418,0.6014553735317766,risk_disagreement,0.5472568071435144,9,0.2735945413184578,1.364727899366095
hard_chemical_cross_dataset,KaggleCrossCell_celltype,McFarland_cellline,KaggleCrossCell_celltype -> McFarland_cellline,42,1000,0,0.20047552442178418,0.6014553735317766,risk_low_context_similarity,0.6024710710399187,9,0.2735945413184578,1.364727899366095
hard_chemical_cross_dataset,KaggleCrossCell_celltype,McFarland_cellline,KaggleCrossCell_celltype -> McFarland_cellline,42,1000,0,0.20047552442178418,0.6014553735317766,risk_low_source_support,,9,0.18457628478795307,0.920692365416237
hard_chemical_cross_dataset,KaggleCrossCell_celltype,McFarland_cellline,KaggleCrossCell_celltype -> McFarland_cellline,42,1000,0,0.20047552442178418,0.6014553735317766,risk_oracle_true_magnitude_diagnostic,0.6248278097398915,9,0.2381330733401771,1.1878411293698103
hard_chemical_cross_dataset,KaggleCrossCell_celltype,McFarland_cellline,KaggleCrossCell_celltype -> McFarland_cellline,42,1000,0,0.20047552442178418,0.6014553735317766,risk_predicted_magnitude,0.6034769472791941,9,0.2735945413184578,1.364727899366095
hard_chemical_cross_dataset,KaggleCrossCell_celltype,crossPatient_patient,KaggleCrossCell_celltype -> crossPatient_patient,10,933,0,0.16216023202521057,0.5481903279968653,risk_cross_dataset,-0.1533857797849622,2,0.13850465509550083,0.8541222059547123
hard_chemical_cross_dataset,KaggleCrossCell_celltype,crossPatient_patient,KaggleCrossCell_celltype -> crossPatient_patient,10,933,0,0.16216023202521057,0.5481903279968653,risk_disagreement,0.14213381090374028,2,0.16550042689695438,1.0205981135450306
hard_chemical_cross_dataset,KaggleCrossCell_celltype,crossPatient_patient,KaggleCrossCell_celltype -> crossPatient_patient,10,933,0,0.16216023202521057,0.5481903279968653,risk_low_context_similarity,-0.1533857797849622,2,0.13850465509550083,0.8541222059547123
hard_chemical_cross_dataset,KaggleCrossCell_celltype,crossPatient_patient,KaggleCrossCell_celltype -> crossPatient_patient,10,933,0,0.16216023202521057,0.5481903279968653,risk_low_source_support,,2,0.16550042689695438,1.0205981135450306
hard_chemical_cross_dataset,KaggleCrossCell_celltype,crossPatient_patient,KaggleCrossCell_celltype -> crossPatient_patient,10,933,0,0.16216023202521057,0.5481903279968653,risk_oracle_true_magnitude_diagnostic,0.9030303030303028,2,0.23183659708461013,1.4296760320900823
hard_chemical_cross_dataset,KaggleCrossCell_celltype,crossPatient_patient,KaggleCrossCell_celltype -> crossPatient_patient,10,933,0,0.16216023202521057,0.5481903279968653,risk_predicted_magnitude,-0.14213381090374028,2,0.1489667318696885,0.9186391139754233
hard_chemical_cross_dataset,KaggleCrossCell_celltype,sciplex3_cellline,KaggleCrossCell_celltype -> sciplex3_cellline,27,566,0,0.09705161758336625,0.12341495100733653,risk_cross_dataset,0.29701403707121016,6,0.11324290007644155,1.1668316602674569
hard_chemical_cross_dataset,KaggleCrossCell_celltype,sciplex3_cellline,KaggleCrossCell_celltype -> sciplex3_cellline,27,566,0,0.09705161758336625,0.12341495100733653,risk_disagreement,0.4438335239571218,6,0.10166564493299735,1.0475419932662915
hard_chemical_cross_dataset,KaggleCrossCell_celltype,sciplex3_cellline,KaggleCrossCell_celltype -> sciplex3_cellline,27,566,0,0.09705161758336625,0.12341495100733653,risk_low_context_similarity,0.29701403707121016,6,0.11324290007644155,1.1668316602674569
hard_chemical_cross_dataset,KaggleCrossCell_celltype,sciplex3_cellline,KaggleCrossCell_celltype -> sciplex3_cellline,27,566,0,0.09705161758336625,0.12341495100733653,risk_low_source_support,,6,0.10166564493299735,1.0475419932662915
hard_chemical_cross_dataset,KaggleCrossCell_celltype,sciplex3_cellline,KaggleCrossCell_celltype -> sciplex3_cellline,27,566,0,0.09705161758336625,0.12341495100733653,risk_oracle_true_magnitude_diagnostic,0.8730158730158729,6,0.16136276192850652,1.6626488661036247
hard_chemical_cross_dataset,KaggleCrossCell_celltype,sciplex3_cellline,KaggleCrossCell_celltype -> sciplex3_cellline,27,566,0,0.09705161758336625,0.12341495100733653,risk_predicted_magnitude,0.4438335239571218,6,0.10166564493299735,1.0475419932662915
hard_chemical_cross_dataset,KaggleCrossPatient_celltype,McFarland_cellline,KaggleCrossPatient_celltype -> McFarland_cellline,42,1000,0,0.1719026419977018,0.6009179532203224,risk_cross_dataset,0.0023325760493802163,9,0.17860161762098117,1.0389695908418262
hard_chemical_cross_dataset,KaggleCrossPatient_celltype,McFarland_cellline,KaggleCrossPatient_celltype -> McFarland_cellline,42,1000,0,0.1719026419977018,0.6009179532203224,risk_disagreement,0.01779118358724039,9,0.16771950720065604,0.975665674777112
hard_chemical_cross_dataset,KaggleCrossPatient_celltype,McFarland_cellline,KaggleCrossPatient_celltype -> McFarland_cellline,42,1000,0,0.1719026419977018,0.6009179532203224,risk_low_context_similarity,0.04848425931211735,9,0.17151448079845666,0.9977419707182259
hard_chemical_cross_dataset,KaggleCrossPatient_celltype,McFarland_cellline,KaggleCrossPatient_celltype -> McFarland_cellline,42,1000,0,0.1719026419977018,0.6009179532203224,risk_low_source_support,,9,0.18279947603601412,1.0633895669762772
hard_chemical_cross_dataset,KaggleCrossPatient_celltype,McFarland_cellline,KaggleCrossPatient_celltype -> McFarland_cellline,42,1000,0,0.1719026419977018,0.6009179532203224,risk_oracle_true_magnitude_diagnostic,0.9687221456932178,9,0.24081566698451418,1.40088403637062
hard_chemical_cross_dataset,KaggleCrossPatient_celltype,McFarland_cellline,KaggleCrossPatient_celltype -> McFarland_cellline,42,1000,0,0.1719026419977018,0.6009179532203224,risk_predicted_magnitude,0.01957030194596443,9,0.16771950720065604,0.975665674777112
hard_chemical_cross_dataset,KaggleCrossPatient_celltype,crossPatient_patient,KaggleCrossPatient_celltype -> crossPatient_patient,10,933,0,0.15576731446639328,0.5449740803484087,risk_cross_dataset,-0.22701095408174404,2,0.13468848035994202,0.8646774249228069
hard_chemical_cross_dataset,KaggleCrossPatient_celltype,crossPatient_patient,KaggleCrossPatient_celltype -> crossPatient_patient,10,933,0,0.15576731446639328,0.5449740803484087,risk_disagreement,0.28426762180748055,2,0.16128828300388542,1.035443690843648
hard_chemical_cross_dataset,KaggleCrossPatient_celltype,crossPatient_patient,KaggleCrossPatient_celltype -> crossPatient_patient,10,933,0,0.15576731446639328,0.5449740803484087,risk_low_context_similarity,-0.22701095408174404,2,0.13468848035994202,0.8646774249228069
hard_chemical_cross_dataset,KaggleCrossPatient_celltype,crossPatient_patient,KaggleCrossPatient_celltype -> crossPatient_patient,10,933,0,0.15576731446639328,0.5449740803484087,risk_low_source_support,,2,0.16128828300388542,1.035443690843648
hard_chemical_cross_dataset,KaggleCrossPatient_celltype,crossPatient_patient,KaggleCrossPatient_celltype -> crossPatient_patient,10,933,0,0.15576731446639328,0.5449740803484087,risk_oracle_true_magnitude_diagnostic,0.9636363636363635,2,0.22779616427558239,1.46241311956835
hard_chemical_cross_dataset,KaggleCrossPatient_celltype,crossPatient_patient,KaggleCrossPatient_celltype -> crossPatient_patient,10,933,0,0.15576731446639328,0.5449740803484087,risk_predicted_magnitude,-0.28426762180748055,2,0.13912401764260696,0.8931528293929911
hard_chemical_cross_dataset,KaggleCrossPatient_celltype,sciplex3_cellline,KaggleCrossPatient_celltype -> sciplex3_cellline,27,566,0,0.08944350036056646,0.1221316447708342,risk_cross_dataset,0.30283784171966527,6,0.09540336443332996,1.0666327239960196
hard_chemical_cross_dataset,KaggleCrossPatient_celltype,sciplex3_cellline,KaggleCrossPatient_celltype -> sciplex3_cellline,27,566,0,0.08944350036056646,0.1221316447708342,risk_disagreement,0.3833107706902416,6,0.09540336443332996,1.0666327239960196
hard_chemical_cross_dataset,KaggleCrossPatient_celltype,sciplex3_cellline,KaggleCrossPatient_celltype -> sciplex3_cellline,27,566,0,0.08944350036056646,0.1221316447708342,risk_low_context_similarity,-0.05823804648455101,6,0.09971927319737374,1.1148856294239757
hard_chemical_cross_dataset,KaggleCrossPatient_celltype,sciplex3_cellline,KaggleCrossPatient_celltype -> sciplex3_cellline,27,566,0,0.08944350036056646,0.1221316447708342,risk_low_source_support,,6,0.09540336443332996,1.0666327239960196
hard_chemical_cross_dataset,KaggleCrossPatient_celltype,sciplex3_cellline,KaggleCrossPatient_celltype -> sciplex3_cellline,27,566,0,0.08944350036056646,0.1221316447708342,risk_oracle_true_magnitude_diagnostic,0.9700854700854701,6,0.15760456969455316,1.7620572658629683
hard_chemical_cross_dataset,KaggleCrossPatient_celltype,sciplex3_cellline,KaggleCrossPatient_celltype -> sciplex3_cellline,27,566,0,0.08944350036056646,0.1221316447708342,risk_predicted_magnitude,0.3833107706902416,6,0.09540336443332996,1.0666327239960196
hard_chemical_cross_dataset,McFarland_cellline,KaggleCrossCell_celltype,McFarland_cellline -> KaggleCrossCell_celltype,24,1000,0,0.17961784923832566,0.6080082896232692,risk_cross_dataset,-0.017835013579811404,5,0.11485578586889292,0.639445279831275
hard_chemical_cross_dataset,McFarland_cellline,KaggleCrossCell_celltype,McFarland_cellline -> KaggleCrossCell_celltype,24,1000,0,0.17961784923832566,0.6080082896232692,risk_disagreement,,5,0.1787224976782189,0.9950152417262342
hard_chemical_cross_dataset,McFarland_cellline,KaggleCrossCell_celltype,McFarland_cellline -> KaggleCrossCell_celltype,24,1000,0,0.17961784923832566,0.6080082896232692,risk_low_context_similarity,-0.017835013579811404,5,0.11485578586889292,0.639445279831275
hard_chemical_cross_dataset,McFarland_cellline,KaggleCrossCell_celltype,McFarland_cellline -> KaggleCrossCell_celltype,24,1000,0,0.17961784923832566,0.6080082896232692,risk_low_source_support,,5,0.1787224976782189,0.9950152417262342
hard_chemical_cross_dataset,McFarland_cellline,KaggleCrossCell_celltype,McFarland_cellline -> KaggleCrossCell_celltype,24,1000,0,0.17961784923832566,0.6080082896232692,risk_oracle_true_magnitude_diagnostic,0.9730434782608696,5,0.3093952081423204,1.7225192788707757
hard_chemical_cross_dataset,McFarland_cellline,KaggleCrossCell_celltype,McFarland_cellline -> KaggleCrossCell_celltype,24,1000,0,0.17961784923832566,0.6080082896232692,risk_predicted_magnitude,,5,0.1787224976782189,0.9950152417262342
hard_chemical_cross_dataset,McFarland_cellline,KaggleCrossPatient_celltype,McFarland_cellline -> KaggleCrossPatient_celltype,38,1000,0,0.15533908039279587,0.5970602055491709,risk_cross_dataset,-0.2094745746691245,8,0.1078183042500287,0.6940835749599877
hard_chemical_cross_dataset,McFarland_cellline,KaggleCrossPatient_celltype,McFarland_cellline -> KaggleCrossPatient_celltype,38,1000,0,0.15533908039279587,0.5970602055491709,risk_disagreement,,8,0.14090260519291856,0.9070647568958646
hard_chemical_cross_dataset,McFarland_cellline,KaggleCrossPatient_celltype,McFarland_cellline -> KaggleCrossPatient_celltype,38,1000,0,0.15533908039279587,0.5970602055491709,risk_low_context_similarity,-0.2094745746691245,8,0.1078183042500287,0.6940835749599877
hard_chemical_cross_dataset,McFarland_cellline,KaggleCrossPatient_celltype,McFarland_cellline -> KaggleCrossPatient_celltype,38,1000,0,0.15533908039279587,0.5970602055491709,risk_low_source_support,,8,0.14090260519291856,0.9070647568958646
hard_chemical_cross_dataset,McFarland_cellline,KaggleCrossPatient_celltype,McFarland_cellline -> KaggleCrossPatient_celltype,38,1000,0,0.15533908039279587,0.5970602055491709,risk_oracle_true_magnitude_diagnostic,0.9711128132180763,8,0.3071576706214271,1.977336738731409
hard_chemical_cross_dataset,McFarland_cellline,KaggleCrossPatient_celltype,McFarland_cellline -> KaggleCrossPatient_celltype,38,1000,0,0.15533908039279587,0.5970602055491709,risk_predicted_magnitude,,8,0.14090260519291856,0.9070647568958646
hard_chemical_cross_dataset,McFarland_cellline,crossPatient_patient,McFarland_cellline -> crossPatient_patient,10,1000,0,0.13939812799058718,0.5739739164275821,risk_cross_dataset,0.4540219081634881,2,0.16766077431192017,1.2027476747983403
hard_chemical_cross_dataset,McFarland_cellline,crossPatient_patient,McFarland_cellline -> crossPatient_patient,10,1000,0,0.13939812799058718,0.5739739164275821,risk_disagreement,,2,0.142527287156327,1.0224476412333967
hard_chemical_cross_dataset,McFarland_cellline,crossPatient_patient,McFarland_cellline -> crossPatient_patient,10,1000,0,0.13939812799058718,0.5739739164275821,risk_low_context_similarity,0.4540219081634881,2,0.16766077431192017,1.2027476747983403
hard_chemical_cross_dataset,McFarland_cellline,crossPatient_patient,McFarland_cellline -> crossPatient_patient,10,1000,0,0.13939812799058718,0.5739739164275821,risk_low_source_support,,2,0.142527287156327,1.0224476412333967
hard_chemical_cross_dataset,McFarland_cellline,crossPatient_patient,McFarland_cellline -> crossPatient_patient,10,1000,0,0.13939812799058718,0.5739739164275821,risk_oracle_true_magnitude_diagnostic,0.9999999999999999,2,0.2015395038931555,1.4457834319465495
hard_chemical_cross_dataset,McFarland_cellline,crossPatient_patient,McFarland_cellline -> crossPatient_patient,10,1000,0,0.13939812799058718,0.5739739164275821,risk_predicted_magnitude,,2,0.142527287156327,1.0224476412333967
hard_chemical_cross_dataset,McFarland_cellline,sciplex3_cellline,McFarland_cellline -> sciplex3_cellline,27,624,0,0.11968113760652264,0.22928436992173146,risk_cross_dataset,-0.05823804648455101,6,0.11236527509529175,0.93887205070457
hard_chemical_cross_dataset,McFarland_cellline,sciplex3_cellline,McFarland_cellline -> sciplex3_cellline,27,624,0,0.11968113760652264,0.22928436992173146,risk_disagreement,0.050435627722400206,6,0.11236527509529175,0.93887205070457
hard_chemical_cross_dataset,McFarland_cellline,sciplex3_cellline,McFarland_cellline -> sciplex3_cellline,27,624,0,0.11968113760652264,0.22928436992173146,risk_low_context_similarity,-0.05823804648455101,6,0.11236527509529175,0.93887205070457
hard_chemical_cross_dataset,McFarland_cellline,sciplex3_cellline,McFarland_cellline -> sciplex3_cellline,27,624,0,0.11968113760652264,0.22928436992173146,risk_low_source_support,,6,0.11469304469482385,0.9583218123469195
hard_chemical_cross_dataset,McFarland_cellline,sciplex3_cellline,McFarland_cellline -> sciplex3_cellline,27,624,0,0.11968113760652264,0.22928436992173146,risk_oracle_true_magnitude_diagnostic,0.8626373626373625,6,0.18582289246737393,1.5526497841147404
hard_chemical_cross_dataset,McFarland_cellline,sciplex3_cellline,McFarland_cellline -> sciplex3_cellline,27,624,0,0.11968113760652264,0.22928436992173146,risk_predicted_magnitude,0.050435627722400206,6,0.11236527509529175,0.93887205070457
hard_chemical_cross_dataset,crossPatient_patient,KaggleCrossCell_celltype,crossPatient_patient -> KaggleCrossCell_celltype,24,933,0,0.1737996399961507,0.553695221210187,risk_cross_dataset,0.09786392066870875,5,0.12906417023559066,0.7426032081450179
hard_chemical_cross_dataset,crossPatient_patient,KaggleCrossCell_celltype,crossPatient_patient -> KaggleCrossCell_celltype,24,933,0,0.1737996399961507,0.553695221210187,risk_disagreement,-0.03705398374899089,5,0.12906417023559066,0.7426032081450179
hard_chemical_cross_dataset,crossPatient_patient,KaggleCrossCell_celltype,crossPatient_patient -> KaggleCrossCell_celltype,24,933,0,0.1737996399961507,0.553695221210187,risk_low_context_similarity,0.1527408855296669,5,0.1881635975945862,1.0826466475923289
hard_chemical_cross_dataset,crossPatient_patient,KaggleCrossCell_celltype,crossPatient_patient -> KaggleCrossCell_celltype,24,933,0,0.1737996399961507,0.553695221210187,risk_low_source_support,,5,0.1526980798766094,0.8785868594433875
hard_chemical_cross_dataset,crossPatient_patient,KaggleCrossCell_celltype,crossPatient_patient -> KaggleCrossCell_celltype,24,933,0,0.1737996399961507,0.553695221210187,risk_oracle_true_magnitude_diagnostic,0.9878260869565217,5,0.32802071718929643,1.887349808069576
hard_chemical_cross_dataset,crossPatient_patient,KaggleCrossCell_celltype,crossPatient_patient -> KaggleCrossCell_celltype,24,933,0,0.1737996399961507,0.553695221210187,risk_predicted_magnitude,-0.03705398374899089,5,0.12906417023559066,0.7426032081450179
hard_chemical_cross_dataset,crossPatient_patient,KaggleCrossPatient_celltype,crossPatient_patient -> KaggleCrossPatient_celltype,38,933,0,0.14915823557780505,0.5334918461370384,risk_cross_dataset,0.10679751042407784,8,0.12128905365981493,0.8131569349152512
hard_chemical_cross_dataset,crossPatient_patient,KaggleCrossPatient_celltype,crossPatient_patient -> KaggleCrossPatient_celltype,38,933,0,0.14915823557780505,0.5334918461370384,risk_disagreement,0.18529229431693678,8,0.12128905365981493,0.8131569349152512
hard_chemical_cross_dataset,crossPatient_patient,KaggleCrossPatient_celltype,crossPatient_patient -> KaggleCrossPatient_celltype,38,933,0,0.14915823557780505,0.5334918461370384,risk_low_context_similarity,-0.06514759499278994,8,0.10413422437852979,0.6981459922419805
hard_chemical_cross_dataset,crossPatient_patient,KaggleCrossPatient_celltype,crossPatient_patient -> KaggleCrossPatient_celltype,38,933,0,0.14915823557780505,0.5334918461370384,risk_low_source_support,,8,0.1386254839001944,0.9293853830007498
hard_chemical_cross_dataset,crossPatient_patient,KaggleCrossPatient_celltype,crossPatient_patient -> KaggleCrossPatient_celltype,38,933,0,0.14915823557780505,0.5334918461370384,risk_oracle_true_magnitude_diagnostic,0.9118065433854907,8,0.3114547201615977,2.088082625509031
hard_chemical_cross_dataset,crossPatient_patient,KaggleCrossPatient_celltype,crossPatient_patient -> KaggleCrossPatient_celltype,38,933,0,0.14915823557780505,0.5334918461370384,risk_predicted_magnitude,0.18529229431693678,8,0.12128905365981493,0.8131569349152512
hard_chemical_cross_dataset,crossPatient_patient,McFarland_cellline,crossPatient_patient -> McFarland_cellline,42,1000,0,0.15234849456915867,0.5430023479368911,risk_cross_dataset,0.251501681895674,9,0.1780243175892043,1.1685334869416126
hard_chemical_cross_dataset,crossPatient_patient,McFarland_cellline,crossPatient_patient -> McFarland_cellline,42,1000,0,0.15234849456915867,0.5430023479368911,risk_disagreement,0.21810544311908917,9,0.1780243175892043,1.1685334869416126
hard_chemical_cross_dataset,crossPatient_patient,McFarland_cellline,crossPatient_patient -> McFarland_cellline,42,1000,0,0.15234849456915867,0.5430023479368911,risk_low_context_similarity,0.21218111420612182,9,0.16851473678439557,1.106113567193132
hard_chemical_cross_dataset,crossPatient_patient,McFarland_cellline,crossPatient_patient -> McFarland_cellline,42,1000,0,0.15234849456915867,0.5430023479368911,risk_low_source_support,,9,0.1870035443083315,1.2274722164940144
hard_chemical_cross_dataset,crossPatient_patient,McFarland_cellline,crossPatient_patient -> McFarland_cellline,42,1000,0,0.15234849456915867,0.5430023479368911,risk_oracle_true_magnitude_diagnostic,0.9808767522891176,9,0.24199181435795428,1.5884096199460769
hard_chemical_cross_dataset,crossPatient_patient,McFarland_cellline,crossPatient_patient -> McFarland_cellline,42,1000,0,0.15234849456915867,0.5430023479368911,risk_predicted_magnitude,0.21810544311908917,9,0.1780243175892043,1.1685334869416126
hard_chemical_cross_dataset,crossPatient_patient,sciplex3_cellline,crossPatient_patient -> sciplex3_cellline,27,453,0,0.09686907367135932,0.1547179414254289,risk_cross_dataset,-0.4484329579310428,6,0.09451832030355937,0.9757326742302175
hard_chemical_cross_dataset,crossPatient_patient,sciplex3_cellline,crossPatient_patient -> sciplex3_cellline,27,453,0,0.09686907367135932,0.1547179414254289,risk_disagreement,,6,0.10082360554996983,1.0408234716069111
hard_chemical_cross_dataset,crossPatient_patient,sciplex3_cellline,crossPatient_patient -> sciplex3_cellline,27,453,0,0.09686907367135932,0.1547179414254289,risk_low_context_similarity,-0.4484329579310428,6,0.09451832030355937,0.9757326742302175
hard_chemical_cross_dataset,crossPatient_patient,sciplex3_cellline,crossPatient_patient -> sciplex3_cellline,27,453,0,0.09686907367135932,0.1547179414254289,risk_low_source_support,,6,0.10082360554996983,1.0408234716069111
hard_chemical_cross_dataset,crossPatient_patient,sciplex3_cellline,crossPatient_patient -> sciplex3_cellline,27,453,0,0.09686907367135932,0.1547179414254289,risk_oracle_true_magnitude_diagnostic,0.9871794871794871,6,0.14558952598777966,1.502951566169722
hard_chemical_cross_dataset,crossPatient_patient,sciplex3_cellline,crossPatient_patient -> sciplex3_cellline,27,453,0,0.09686907367135932,0.1547179414254289,risk_predicted_magnitude,,6,0.10082360554996983,1.0408234716069111
hard_chemical_cross_dataset,sciplex3_cellline,KaggleCrossCell_celltype,sciplex3_cellline -> KaggleCrossCell_celltype,24,566,0,0.11718804508312296,0.13033347969436962,risk_cross_dataset,0.22499555592992848,5,0.15066744374084512,1.2856895396964323
hard_chemical_cross_dataset,sciplex3_cellline,KaggleCrossCell_celltype,sciplex3_cellline -> KaggleCrossCell_celltype,24,566,0,0.11718804508312296,0.13033347969436962,risk_disagreement,-0.3038426667417252,5,0.06532456043439631,0.5574336562066615
hard_chemical_cross_dataset,sciplex3_cellline,KaggleCrossCell_celltype,sciplex3_cellline -> KaggleCrossCell_celltype,24,566,0,0.11718804508312296,0.13033347969436962,risk_low_context_similarity,0.22499555592992848,5,0.15066744374084512,1.2856895396964323
hard_chemical_cross_dataset,sciplex3_cellline,KaggleCrossCell_celltype,sciplex3_cellline -> KaggleCrossCell_celltype,24,566,0,0.11718804508312296,0.13033347969436962,risk_low_source_support,,5,0.10169399551144194,0.8677847253046086
hard_chemical_cross_dataset,sciplex3_cellline,KaggleCrossCell_celltype,sciplex3_cellline -> KaggleCrossCell_celltype,24,566,0,0.11718804508312296,0.13033347969436962,risk_oracle_true_magnitude_diagnostic,0.9652173913043477,5,0.23010206277043815,1.9635284691985762
hard_chemical_cross_dataset,sciplex3_cellline,KaggleCrossCell_celltype,sciplex3_cellline -> KaggleCrossCell_celltype,24,566,0,0.11718804508312296,0.13033347969436962,risk_predicted_magnitude,0.3038426667417252,5,0.10169399551144194,0.8677847253046086
hard_chemical_cross_dataset,sciplex3_cellline,KaggleCrossPatient_celltype,sciplex3_cellline -> KaggleCrossPatient_celltype,38,566,0,0.10162717289817859,0.12809927554759426,risk_cross_dataset,0.09944752534796822,8,0.08939704871329313,0.8796569476832838
hard_chemical_cross_dataset,sciplex3_cellline,KaggleCrossPatient_celltype,sciplex3_cellline -> KaggleCrossPatient_celltype,38,566,0,0.10162717289817859,0.12809927554759426,risk_disagreement,-0.202330029747047,8,0.07209593550427995,0.7094159312737518
hard_chemical_cross_dataset,sciplex3_cellline,KaggleCrossPatient_celltype,sciplex3_cellline -> KaggleCrossPatient_celltype,38,566,0,0.10162717289817859,0.12809927554759426,risk_low_context_similarity,0.09944752534796822,8,0.08939704871329313,0.8796569476832838
hard_chemical_cross_dataset,sciplex3_cellline,KaggleCrossPatient_celltype,sciplex3_cellline -> KaggleCrossPatient_celltype,38,566,0,0.10162717289817859,0.12809927554759426,risk_low_source_support,,8,0.08573803945579526,0.8436527063652275
hard_chemical_cross_dataset,sciplex3_cellline,KaggleCrossPatient_celltype,sciplex3_cellline -> KaggleCrossPatient_celltype,38,566,0,0.10162717289817859,0.12809927554759426,risk_oracle_true_magnitude_diagnostic,0.9735200787832368,8,0.21573256818472736,2.1227843108542657
hard_chemical_cross_dataset,sciplex3_cellline,KaggleCrossPatient_celltype,sciplex3_cellline -> KaggleCrossPatient_celltype,38,566,0,0.10162717289817859,0.12809927554759426,risk_predicted_magnitude,0.202330029747047,8,0.08573803945579526,0.8436527063652275
hard_chemical_cross_dataset,sciplex3_cellline,McFarland_cellline,sciplex3_cellline -> McFarland_cellline,42,624,0,0.1376459112194692,0.20217995315686402,risk_cross_dataset,0.0003332251499114595,9,0.13325849984603422,0.9681253781200991
hard_chemical_cross_dataset,sciplex3_cellline,McFarland_cellline,sciplex3_cellline -> McFarland_cellline,42,624,0,0.1376459112194692,0.20217995315686402,risk_disagreement,-0.055344022822403874,9,0.13227712331757846,0.9609956601374777
hard_chemical_cross_dataset,sciplex3_cellline,McFarland_cellline,sciplex3_cellline -> McFarland_cellline,42,624,0,0.1376459112194692,0.20217995315686402,risk_low_context_similarity,0.0003332251499114595,9,0.13325849984603422,0.9681253781200991
hard_chemical_cross_dataset,sciplex3_cellline,McFarland_cellline,sciplex3_cellline -> McFarland_cellline,42,624,0,0.1376459112194692,0.20217995315686402,risk_low_source_support,,9,0.16432226011305417,1.193804150499254
hard_chemical_cross_dataset,sciplex3_cellline,McFarland_cellline,sciplex3_cellline -> McFarland_cellline,42,624,0,0.1376459112194692,0.20217995315686402,risk_oracle_true_magnitude_diagnostic,0.9980552629446562,9,0.21226332948142032,1.5420968745157824
hard_chemical_cross_dataset,sciplex3_cellline,McFarland_cellline,sciplex3_cellline -> McFarland_cellline,42,624,0,0.1376459112194692,0.20217995315686402,risk_predicted_magnitude,0.055344022822403874,9,0.16432226011305417,1.193804150499254
hard_chemical_cross_dataset,sciplex3_cellline,crossPatient_patient,sciplex3_cellline -> crossPatient_patient,10,453,0,0.10553805481856308,0.1266766408651761,risk_cross_dataset,-0.7853351924990065,2,0.07132447275888751,0.6758175795593899
hard_chemical_cross_dataset,sciplex3_cellline,crossPatient_patient,sciplex3_cellline -> crossPatient_patient,10,453,0,0.10553805481856308,0.1266766408651761,risk_disagreement,,2,0.12531420815155145,1.1873840991951838
hard_chemical_cross_dataset,sciplex3_cellline,crossPatient_patient,sciplex3_cellline -> crossPatient_patient,10,453,0,0.10553805481856308,0.1266766408651761,risk_low_context_similarity,-0.7853351924990065,2,0.07132447275888751,0.6758175795593899
hard_chemical_cross_dataset,sciplex3_cellline,crossPatient_patient,sciplex3_cellline -> crossPatient_patient,10,453,0,0.10553805481856308,0.1266766408651761,risk_low_source_support,,2,0.12531420815155145,1.1873840991951838
hard_chemical_cross_dataset,sciplex3_cellline,crossPatient_patient,sciplex3_cellline -> crossPatient_patient,10,453,0,0.10553805481856308,0.1266766408651761,risk_oracle_true_magnitude_diagnostic,0.9636363636363635,2,0.16642850399018944,1.5769525435759342
hard_chemical_cross_dataset,sciplex3_cellline,crossPatient_patient,sciplex3_cellline -> crossPatient_patient,10,453,0,0.10553805481856308,0.1266766408651761,risk_predicted_magnitude,,2,0.12531420815155145,1.1873840991951838
same_system_cross_file,KaggleCrossCell_celltype,KaggleCrossPatient_celltype,KaggleCrossCell_celltype -> KaggleCrossPatient_celltype,38,1000,38,0.01754121988876668,0.9870891495313159,risk_cross_dataset,-0.16292811029653134,8,0.015962285819467112,0.9099872141554586
same_system_cross_file,KaggleCrossCell_celltype,KaggleCrossPatient_celltype,KaggleCrossCell_celltype -> KaggleCrossPatient_celltype,38,1000,38,0.01754121988876668,0.9870891495313159,risk_disagreement,-0.07337961476122248,8,0.015394928832500165,0.8776429991826857
same_system_cross_file,KaggleCrossCell_celltype,KaggleCrossPatient_celltype,KaggleCrossCell_celltype -> KaggleCrossPatient_celltype,38,1000,38,0.01754121988876668,0.9870891495313159,risk_low_context_similarity,0.03173857191956433,8,0.01989908741164778,1.1344186742902111
same_system_cross_file,KaggleCrossCell_celltype,KaggleCrossPatient_celltype,KaggleCrossCell_celltype -> KaggleCrossPatient_celltype,38,1000,38,0.01754121988876668,0.9870891495313159,risk_low_source_support,-0.2626646884488967,8,0.016535818245883044,0.942683482148953
same_system_cross_file,KaggleCrossCell_celltype,KaggleCrossPatient_celltype,KaggleCrossCell_celltype -> KaggleCrossPatient_celltype,38,1000,38,0.01754121988876668,0.9870891495313159,risk_oracle_true_magnitude_diagnostic,0.13229018492176386,8,0.013715152162608248,0.7818813200894523
same_system_cross_file,KaggleCrossCell_celltype,KaggleCrossPatient_celltype,KaggleCrossCell_celltype -> KaggleCrossPatient_celltype,38,1000,38,0.01754121988876668,0.9870891495313159,risk_predicted_magnitude,-0.44587165023074654,8,0.013643304248016781,0.7777853726555183
same_system_cross_file,KaggleCrossCell_celltype,KaggleCrossPatient_donor,KaggleCrossCell_celltype -> KaggleCrossPatient_donor,30,1000,30,0.03598801983050397,0.94614349492987,risk_cross_dataset,0.8607341490545051,6,0.05794073423936682,1.6100006199911954
same_system_cross_file,KaggleCrossCell_celltype,KaggleCrossPatient_donor,KaggleCrossCell_celltype -> KaggleCrossPatient_donor,30,1000,30,0.03598801983050397,0.94614349492987,risk_disagreement,0.41695644553311895,6,0.05182373264051696,1.4400273447829552
same_system_cross_file,KaggleCrossCell_celltype,KaggleCrossPatient_donor,KaggleCrossCell_celltype -> KaggleCrossPatient_donor,30,1000,30,0.03598801983050397,0.94614349492987,risk_low_context_similarity,0.4480832991047493,6,0.04055320904490472,1.126853025976473
same_system_cross_file,KaggleCrossCell_celltype,KaggleCrossPatient_donor,KaggleCrossCell_celltype -> KaggleCrossPatient_donor,30,1000,30,0.03598801983050397,0.94614349492987,risk_low_source_support,0.6603332828912095,6,0.04394722322073863,1.2211625820959542
same_system_cross_file,KaggleCrossCell_celltype,KaggleCrossPatient_donor,KaggleCrossCell_celltype -> KaggleCrossPatient_donor,30,1000,30,0.03598801983050397,0.94614349492987,risk_oracle_true_magnitude_diagnostic,0.9657397107897663,6,0.06259995286882492,1.7394664436570164
same_system_cross_file,KaggleCrossCell_celltype,KaggleCrossPatient_donor,KaggleCrossCell_celltype -> KaggleCrossPatient_donor,30,1000,30,0.03598801983050397,0.94614349492987,risk_predicted_magnitude,0.8278894432174447,6,0.051428238284278775,1.4290377332927735
same_system_cross_file,KaggleCrossPatient_celltype,KaggleCrossCell_celltype,KaggleCrossPatient_celltype -> KaggleCrossCell_celltype,24,1000,24,0.01236230451873187,0.9974403166617871,risk_cross_dataset,0.577391304347826,5,0.01581197811983837,1.2790477775304283
same_system_cross_file,KaggleCrossPatient_celltype,KaggleCrossCell_celltype,KaggleCrossPatient_celltype -> KaggleCrossCell_celltype,24,1000,24,0.01236230451873187,0.9974403166617871,risk_disagreement,0.7686956521739129,5,0.015771429376949184,1.2757677464627788
same_system_cross_file,KaggleCrossPatient_celltype,KaggleCrossCell_celltype,KaggleCrossPatient_celltype -> KaggleCrossCell_celltype,24,1000,24,0.01236230451873187,0.9974403166617871,risk_low_context_similarity,0.058992737225530036,5,0.012606250893715865,1.0197330825020818
same_system_cross_file,KaggleCrossPatient_celltype,KaggleCrossCell_celltype,KaggleCrossPatient_celltype -> KaggleCrossCell_celltype,24,1000,24,0.01236230451873187,0.9974403166617871,risk_low_source_support,0.044816286209855394,5,0.013288250346444755,1.0749007457557653
same_system_cross_file,KaggleCrossPatient_celltype,KaggleCrossCell_celltype,KaggleCrossPatient_celltype -> KaggleCrossCell_celltype,24,1000,24,0.01236230451873187,0.9974403166617871,risk_oracle_true_magnitude_diagnostic,0.477391304347826,5,0.014298666244512084,1.1566343656108908
same_system_cross_file,KaggleCrossPatient_celltype,KaggleCrossCell_celltype,KaggleCrossPatient_celltype -> KaggleCrossCell_celltype,24,1000,24,0.01236230451873187,0.9974403166617871,risk_predicted_magnitude,0.5426086956521738,5,0.01581197811983837,1.2790477775304283
same_system_cross_file,KaggleCrossPatient_donor,KaggleCrossCell_celltype,KaggleCrossPatient_donor -> KaggleCrossCell_celltype,24,1000,24,0.032908018245440034,0.9397528016646435,risk_cross_dataset,0.5878260869565216,5,0.04462756175486208,1.3561303334042605
same_system_cross_file,KaggleCrossPatient_donor,KaggleCrossCell_celltype,KaggleCrossPatient_donor -> KaggleCrossCell_celltype,24,1000,24,0.032908018245440034,0.9397528016646435,risk_disagreement,0.2770039046912595,5,0.030380811715594765,0.9232039282646424
same_system_cross_file,KaggleCrossPatient_donor,KaggleCrossCell_celltype,KaggleCrossPatient_donor -> KaggleCrossCell_celltype,24,1000,24,0.032908018245440034,0.9397528016646435,risk_low_context_similarity,0.10243700107378859,5,0.0361572440104815,1.0987365978956118
same_system_cross_file,KaggleCrossPatient_donor,KaggleCrossCell_celltype,KaggleCrossPatient_donor -> KaggleCrossCell_celltype,24,1000,24,0.032908018245440034,0.9397528016646435,risk_low_source_support,,5,0.03551945252691323,1.07935556197873
same_system_cross_file,KaggleCrossPatient_donor,KaggleCrossCell_celltype,KaggleCrossPatient_donor -> KaggleCrossCell_celltype,24,1000,24,0.032908018245440034,0.9397528016646435,risk_oracle_true_magnitude_diagnostic,0.9269565217391305,5,0.05161342289181201,1.5684148011241585
same_system_cross_file,KaggleCrossPatient_donor,KaggleCrossCell_celltype,KaggleCrossPatient_donor -> KaggleCrossCell_celltype,24,1000,24,0.032908018245440034,0.9397528016646435,risk_predicted_magnitude,0.9041825568224133,5,0.048402540408434516,1.4708433685502016
same_system_cross_file,kangCrossCell_celltype,kangCrossPatient_celltype,kangCrossCell_celltype -> kangCrossPatient_celltype,8,1000,8,0.04588632816191515,0.9981679592761937,risk_cross_dataset,0.9523809523809524,2,0.06001937553586169,1.3080012705326185
same_system_cross_file,kangCrossCell_celltype,kangCrossPatient_celltype,kangCrossCell_celltype -> kangCrossPatient_celltype,8,1000,8,0.04588632816191515,0.9981679592761937,risk_disagreement,0.6428571428571429,2,0.06001937553586169,1.3080012705326185
same_system_cross_file,kangCrossCell_celltype,kangCrossPatient_celltype,kangCrossCell_celltype -> kangCrossPatient_celltype,8,1000,8,0.04588632816191515,0.9981679592761937,risk_low_context_similarity,0.2142857142857143,2,0.04229630191058348,0.9217626165540234
same_system_cross_file,kangCrossCell_celltype,kangCrossPatient_celltype,kangCrossCell_celltype -> kangCrossPatient_celltype,8,1000,8,0.04588632816191515,0.9981679592761937,risk_low_source_support,,2,0.04229630191058348,0.9217626165540234
same_system_cross_file,kangCrossCell_celltype,kangCrossPatient_celltype,kangCrossCell_celltype -> kangCrossPatient_celltype,8,1000,8,0.04588632816191515,0.9981679592761937,risk_oracle_true_magnitude_diagnostic,0.5714285714285715,2,0.06001937553586169,1.3080012705326185
same_system_cross_file,kangCrossCell_celltype,kangCrossPatient_celltype,kangCrossCell_celltype -> kangCrossPatient_celltype,8,1000,8,0.04588632816191515,0.9981679592761937,risk_predicted_magnitude,0.5714285714285715,2,0.06001937553586169,1.3080012705326185
same_system_cross_file,kangCrossPatient_celltype,kangCrossCell_celltype,kangCrossPatient_celltype -> kangCrossCell_celltype,8,1000,8,0.045405665108591765,0.9982414298720184,risk_cross_dataset,0.8333333333333335,2,0.06079866687533921,1.339010599887342
same_system_cross_file,kangCrossPatient_celltype,kangCrossCell_celltype,kangCrossPatient_celltype -> kangCrossCell_celltype,8,1000,8,0.045405665108591765,0.9982414298720184,risk_disagreement,0.7142857142857144,2,0.06079866687533921,1.339010599887342
same_system_cross_file,kangCrossPatient_celltype,kangCrossCell_celltype,kangCrossPatient_celltype -> kangCrossCell_celltype,8,1000,8,0.045405665108591765,0.9982414298720184,risk_low_context_similarity,0.09523809523809526,2,0.04146184842673258,0.9131426293959755
same_system_cross_file,kangCrossPatient_celltype,kangCrossCell_celltype,kangCrossPatient_celltype -> kangCrossCell_celltype,8,1000,8,0.045405665108591765,0.9982414298720184,risk_low_source_support,,2,0.04146184842673258,0.9131426293959755
same_system_cross_file,kangCrossPatient_celltype,kangCrossCell_celltype,kangCrossPatient_celltype -> kangCrossCell_celltype,8,1000,8,0.045405665108591765,0.9982414298720184,risk_oracle_true_magnitude_diagnostic,0.4285714285714286,2,0.06079866687533921,1.339010599887342
same_system_cross_file,kangCrossPatient_celltype,kangCrossCell_celltype,kangCrossPatient_celltype -> kangCrossCell_celltype,8,1000,8,0.045405665108591765,0.9982414298720184,risk_predicted_magnitude,0.4285714285714286,2,0.06079866687533921,1.339010599887342
